Date,Country,Region,Retail & recreation,Grocery & pharmacy,Parks,Transit stations,Workplaces,Residential
29/03/2020,United Arab Emirates,Total,-55,-26,-53,-69,-45,26
29/03/2020,Afghanistan,Total,-38,-21,-13,-34,-33,10
29/03/2020,Antigua and Barbuda,Total,-46,-21,-30,-67,-48,
29/03/2020,Angola,Total,-61,-40,-39,-57,-11,22
29/03/2020,Argentina,Total,-86,-61,-89,-80,-57,27
29/03/2020,Argentina,Buenos Aires,-90,-48,-91,-82,-69,31
29/03/2020,Argentina,Buenos Aires Province,-88,-60,-91,-79,-60,26
29/03/2020,Argentina,Catamarca Province,-71,-46,-78,-81,-35,29
29/03/2020,Argentina,Chaco Province,-79,-63,-83,-92,-48,24
29/03/2020,Argentina,Chubut Province,-92,-91,-94,-93,-62,28
29/03/2020,Argentina,Cordoba,-88,-66,-90,-91,-57,30
29/03/2020,Argentina,Corrientes,-80,-63,-88,-89,-47,25
29/03/2020,Argentina,Entre Rios,-87,-65,-93,-90,-54,29
29/03/2020,Argentina,Formosa Province,-76,-53,-82,-71,-37,21
29/03/2020,Argentina,Jujuy,-80,-55,-83,-92,-44,27
29/03/2020,Argentina,La Pampa,-88,-72,-88,-87,-56,28
29/03/2020,Argentina,La Rioja Province,-70,-46,-84,-86,-40,26
29/03/2020,Argentina,Mendoza Province,-81,-56,-84,-72,-49,29
29/03/2020,Argentina,Misiones Province,-83,-66,-85,-92,-51,27
29/03/2020,Argentina,Neuquen,-96,-95,-95,-92,-72,33
29/03/2020,Argentina,Río Negro,-90,-72,-92,-96,-55,29
29/03/2020,Argentina,Salta Province,-82,-55,-84,-76,-47,26
29/03/2020,Argentina,San Juan Province,-76,-50,-80,-87,-46,28
29/03/2020,Argentina,San Luis Province,-85,-60,-89,-91,-56,29
29/03/2020,Argentina,Santa Cruz Province,-83,-62,-88,-91,-56,24
29/03/2020,Argentina,Santa Fe Province,-87,-63,-89,-77,-57,29
29/03/2020,Argentina,Santiago del Estero Province,-75,-49,-75,-90,-46,25
29/03/2020,Argentina,Tierra del Fuego Province,-87,-63,-89,-92,-59,24
29/03/2020,Argentina,Tucumán,-81,-53,-78,-90,-51,28
29/03/2020,Austria,Total,-87,-64,-43,-71,-51,14
29/03/2020,Austria,Burgenland,-83,-36,19,-43,-49,16
29/03/2020,Austria,Carinthia,-85,-62,-45,-59,-48,13
29/03/2020,Austria,Lower Austria,-82,-36,8,-74,-45,13
29/03/2020,Austria,Salzburg,-93,-86,-73,-81,-59,15
29/03/2020,Austria,Styria,-86,-61,-42,-71,-47,13
29/03/2020,Austria,Tyrol,-95,-86,-82,-85,-65,16
29/03/2020,Austria,Upper Austria,-86,-44,-19,-67,-47,13
29/03/2020,Austria,Vienna,-85,-52,-44,-71,-52,15
29/03/2020,Austria,Vorarlberg,-90,-70,-68,-79,-54,14
29/03/2020,Australia,Total,-45,-19,-35,-58,-33,13
29/03/2020,Australia,Australian Capital Territory,-40,-3,38,-52,-31,11
29/03/2020,Australia,New South Wales,-44,-13,-27,-57,-35,14
29/03/2020,Australia,Northern Territory,-35,-13,-20,-55,-23,12
29/03/2020,Australia,Queensland,-40,-19,-33,-57,-30,12
29/03/2020,Australia,South Australia,-43,-15,-33,-55,-28,12
29/03/2020,Australia,Tasmania,-50,-30,-70,-62,-28,13
29/03/2020,Australia,Victoria,-51,-26,-55,-68,-37,16
29/03/2020,Australia,Western Australia,-40,-16,-37,-55,-26,13
29/03/2020,Aruba,Total,-88,-66,-80,-88,-72,20
29/03/2020,Bosnia and Herzegovina,Total,-76,-50,-22,-59,-50,13
29/03/2020,Barbados,Total,-70,-47,-60,-77,-52,15
29/03/2020,Barbados,Christ Church,-81,-57,,-83,-51,17
29/03/2020,Barbados,Saint George,-35,,-53,,-29,
29/03/2020,Barbados,Saint James,-76,-50,,,-56,
29/03/2020,Barbados,Saint John,,,,,-36,
29/03/2020,Barbados,Saint Michael,-70,-48,-70,-73,-55,14
29/03/2020,Barbados,Saint Peter,-74,-18,,,-31,
29/03/2020,Barbados,Saint Philip,-72,-49,,,-49,
29/03/2020,Barbados,Saint Thomas,-13,,,,-29,
29/03/2020,Bangladesh,Total,-68,-46,-26,-66,-60,24
29/03/2020,Belgium,Total,-84,-53,-66,-76,-52,17
29/03/2020,Belgium,Brussels,-89,-65,-64,-82,-62,19
29/03/2020,Belgium,Flanders,-82,-46,-65,-74,-50,17
29/03/2020,Belgium,Wallonia,-84,-62,-72,-77,-52,16
29/03/2020,Burkina Faso,Total,-34,-25,-22,-53,-3,15
29/03/2020,Bulgaria,Total,-66,-36,-32,-58,-29,11
29/03/2020,Bulgaria,Blagoevgrad Province,-74,-47,-32,-55,-43,10
29/03/2020,Bulgaria,Burgas,-65,-38,-40,-51,-35,11
29/03/2020,Bulgaria,Dobrich Province,-61,-33,-38,,-19,18
29/03/2020,Bulgaria,Gabrovo,-61,-34,-16,,-17,17
29/03/2020,Bulgaria,Haskovo Province,-66,-43,-14,-67,-27,13
29/03/2020,Bulgaria,Jambol,-58,-44,-42,,-20,14
29/03/2020,Bulgaria,Kardzhali Province,-71,-48,-27,-76,-39,12
29/03/2020,Bulgaria,Kyustendil Province,-57,-39,-35,-46,-24,19
29/03/2020,Bulgaria,Lovec,-64,-32,-16,,-21,18
29/03/2020,Bulgaria,Montana Province,-41,-37,-18,-58,-13,11
29/03/2020,Bulgaria,Pazardzhik,-68,-38,-29,-69,-32,13
29/03/2020,Bulgaria,Pernik,-58,-31,-37,,-21,21
29/03/2020,Bulgaria,Pleven Province,-64,-37,-16,,-22,14
29/03/2020,Bulgaria,Plovdiv Province,-68,-38,-33,-54,-29,12
29/03/2020,Bulgaria,Razgrad,-48,-66,,,-10,11
29/03/2020,Bulgaria,Ruse,-58,-36,-14,-43,-25,11
29/03/2020,Bulgaria,Shumen Province,-63,-29,-26,-70,-20,20
29/03/2020,Bulgaria,Silistra,-37,-23,,,-12,-3
29/03/2020,Bulgaria,Sliven Province,-61,-36,-40,-51,-25,19
29/03/2020,Bulgaria,Smoljan,-66,-59,-42,,-41,2
29/03/2020,Bulgaria,Sofia City Province,-70,-35,-42,-62,-34,15
29/03/2020,Bulgaria,Sofia Province,-60,-35,-28,,-31,14
29/03/2020,Bulgaria,Stara Zagora,-63,-38,-27,-10,-29,10
29/03/2020,Bulgaria,Targovishte Province,-63,-31,,,-19,2
29/03/2020,Bulgaria,Varna,-72,-36,-54,-76,-34,12
29/03/2020,Bulgaria,Veliko Tarnovo Province,-68,-37,-24,-56,-28,13
29/03/2020,Bulgaria,Vidin,-59,-29,,,-25,
29/03/2020,Bulgaria,Vraca,-53,-31,-3,-49,-18,21
29/03/2020,Bahrain,Total,-45,-22,-40,-38,-25,16
29/03/2020,Benin,Total,-16,0,10,-14,2,5
29/03/2020,Bolivia,Total,-93,-94,-89,-92,-72,35
29/03/2020,Brazil,Total,-71,-35,-70,-62,-34,17
29/03/2020,Brazil,Federal District,-68,-28,-63,-56,-36,20
29/03/2020,Brazil,State of Acre,-68,-20,-56,-75,-22,11
29/03/2020,Brazil,State of Alagoas,-77,-43,-79,-76,-35,17
29/03/2020,Brazil,State of Amapá,-71,-27,-51,-73,-28,11
29/03/2020,Brazil,State of Amazonas,-64,-28,-62,-46,-26,13
29/03/2020,Brazil,State of Bahia,-73,-42,-71,-73,-33,17
29/03/2020,Brazil,State of Ceará,-76,-34,-71,-68,-33,16
29/03/2020,Brazil,State of Espírito Santo,-68,-35,-69,-69,-31,16
29/03/2020,Brazil,State of Goiás,-67,-27,-44,-50,-28,15
29/03/2020,Brazil,State of Maranhão,-63,-27,-48,-66,-20,11
29/03/2020,Brazil,State of Mato Grosso,-63,-30,-44,-59,-22,11
29/03/2020,Brazil,State of Mato Grosso do Sul,-68,-33,-56,-68,-26,14
29/03/2020,Brazil,State of Minas Gerais,-66,-29,-46,-57,-30,15
29/03/2020,Brazil,State of Paraná,-75,-42,-70,-64,-34,17
29/03/2020,Brazil,State of Paraíba,-76,-36,-73,-64,-33,17
29/03/2020,Brazil,State of Pará,-61,-25,-53,-64,-19,12
29/03/2020,Brazil,State of Pernambuco,-74,-35,-72,-59,-35,17
29/03/2020,Brazil,State of Piauí,-71,-39,-49,-76,-27,18
29/03/2020,Brazil,State of Rio Grande do Norte,-74,-36,-74,-66,-33,19
29/03/2020,Brazil,State of Rio Grande do Sul,-75,-39,-73,-67,-36,20
29/03/2020,Brazil,State of Rio de Janeiro,-72,-32,-74,-61,-37,17
29/03/2020,Brazil,State of Rondônia,-63,-27,-42,-71,-23,12
29/03/2020,Brazil,State of Roraima,-68,-25,-51,-72,-24,12
29/03/2020,Brazil,State of Santa Catarina,-80,-49,-84,-76,-40,20
29/03/2020,Brazil,State of Sergipe,-78,-46,-77,-83,-36,18
29/03/2020,Brazil,State of São Paulo,-72,-36,-71,-62,-37,17
29/03/2020,Brazil,State of Tocantins,-61,-31,-35,-71,-19,11
29/03/2020,Bahamas,Total,-67,-34,-48,-87,-52,19
29/03/2020,Botswana,Total,-12,-2,7,-20,-3,13
29/03/2020,Belarus,Total,-14,5,41,-7,3,-2
29/03/2020,Belize,Total,-63,-49,-38,-68,-42,13
29/03/2020,Canada,Total,-59,-35,-16,-66,-44,14
29/03/2020,Canada,Alberta,-55,-29,-23,-63,-41,13
29/03/2020,Canada,British Columbia,-54,-28,27,-59,-47,13
29/03/2020,Canada,Manitoba,-49,-21,-9,-56,-36,11
29/03/2020,Canada,New Brunswick,-42,-20,101,-47,-35,8
29/03/2020,Canada,Newfoundland and Labrador,-54,-38,-18,-60,-35,9
29/03/2020,Canada,Northwest Territories,-59,-44,,-59,-32,
29/03/2020,Canada,Nova Scotia,-33,-7,95,-45,-32,5
29/03/2020,Canada,Nunavut,-47,,,,-32,
29/03/2020,Canada,Ontario,-59,-33,-14,-66,-46,14
29/03/2020,Canada,Prince Edward Island,-43,-19,-51,,-34,25
29/03/2020,Canada,Quebec,-70,-44,-68,-75,-45,15
29/03/2020,Canada,Saskatchewan,-53,-24,45,-52,-37,11
29/03/2020,Canada,Yukon,-43,-28,,,-31,
29/03/2020,Switzerland,Total,-81,-51,-41,-68,-46,15
29/03/2020,Switzerland,Aargau,-75,-35,-14,-56,-41,13
29/03/2020,Switzerland,Appenzell Ausserrhoden,-77,3,,-60,-29,
29/03/2020,Switzerland,Appenzell Innerrhoden,-57,,,,-29,
29/03/2020,Switzerland,Basel City,-89,-41,-65,-76,-48,25
29/03/2020,Switzerland,Basel-Landschaft,-77,-21,-25,-61,-40,23
29/03/2020,Switzerland,Canton of Bern,-80,-53,-36,-68,-43,14
29/03/2020,Switzerland,Canton of Zug,-75,-2,,-67,-45,27
29/03/2020,Switzerland,Fribourg,-82,-44,-41,-62,-42,20
29/03/2020,Switzerland,Geneva,-82,-60,-40,-84,-54,21
29/03/2020,Switzerland,Glarus,-92,-19,,-48,-33,
29/03/2020,Switzerland,Grisons,-89,-78,-59,-78,-57,20
29/03/2020,Switzerland,Jura,-91,-32,,-64,-43,14
29/03/2020,Switzerland,Lucerne,-82,-38,-50,-66,-40,16
29/03/2020,Switzerland,Neuchâtel,-78,-48,-18,-58,-46,28
29/03/2020,Switzerland,Nidwalden,-74,-2,-73,-78,-46,
29/03/2020,Switzerland,Obwalden,-63,-16,-49,-79,-40,
29/03/2020,Switzerland,Schaffhausen,-90,-50,,-61,-41,2
29/03/2020,Switzerland,Schwyz,-72,-55,-45,-66,-44,23
29/03/2020,Switzerland,Solothurn,-77,-35,-13,-63,-38,15
29/03/2020,Switzerland,St. Gallen,-80,-44,-29,-58,-42,14
29/03/2020,Switzerland,Thurgau,-79,-30,-44,-61,-40,15
29/03/2020,Switzerland,Ticino,-85,-69,-51,-64,-49,21
29/03/2020,Switzerland,Uri,-89,-13,,-78,-44,
29/03/2020,Switzerland,Valais,-87,-67,-61,-75,-57,17
29/03/2020,Switzerland,Vaud,-79,-49,-42,-68,-50,17
29/03/2020,Switzerland,Zurich,-82,-44,-53,-73,-47,16
29/03/2020,Cote d'Ivoire,Total,-35,-21,-21,-33,-9,14
29/03/2020,Chile,Total,-73,-55,-72,-64,-42,24
29/03/2020,Cameroon,Total,-26,-20,-19,-23,-3,9
29/03/2020,Colombia,Total,-86,-68,-80,-82,-58,26
29/03/2020,Costa Rica,Total,-68,-41,-71,-68,-39,21
29/03/2020,Cabo Verde,Total,-60,-48,-57,-88,-40,19
29/03/2020,Czech Republic,Total,-73,-26,-24,-61,-31,11
29/03/2020,Czech Republic,Central Bohemian Region,-67,-20,9,-37,-29,11
29/03/2020,Czech Republic,Hradec Králové Region,-78,-30,-33,-69,-32,11
29/03/2020,Czech Republic,Karlovy Vary Region,-75,-38,-53,-70,-36,10
29/03/2020,Czech Republic,Liberec Region,-75,-24,-45,-66,-36,10
29/03/2020,Czech Republic,Moravian-Silesian Region,-72,-21,-14,-63,-27,10
29/03/2020,Czech Republic,Olomouc Region,-72,-27,-15,-74,-27,10
29/03/2020,Czech Republic,Pardubice Region,-74,-27,-1,-73,-28,10
29/03/2020,Czech Republic,Plzeň Region,-74,-29,-8,-55,-30,10
29/03/2020,Czech Republic,Prague,-77,-30,-58,-71,-38,15
29/03/2020,Czech Republic,South Bohemian Region,-72,-27,-17,-60,-29,9
29/03/2020,Czech Republic,South Moravian Region,-70,-24,5,-50,-28,11
29/03/2020,Czech Republic,Vysocina Region,-74,-21,27,-55,-28,10
29/03/2020,Czech Republic,Zlin Region,-71,-25,1,-65,-29,9
29/03/2020,Czech Republic,Ústí nad Labem Region,-71,-25,-28,-56,-26,9
29/03/2020,Germany,Total,-77,-51,-49,-68,-39,11
29/03/2020,Germany,Baden-Württemberg,-79,-49,-55,-71,-43,12
29/03/2020,Germany,Bavaria,-80,-49,-50,-73,-43,12
29/03/2020,Germany,Berlin,-83,-55,-63,-70,-44,12
29/03/2020,Germany,Brandenburg,-75,-52,-53,-63,-31,9
29/03/2020,Germany,Bremen,-79,-54,-22,-74,-40,10
29/03/2020,Germany,Hamburg,-80,-50,-34,-72,-42,12
29/03/2020,Germany,Hesse,-74,-40,-26,-72,-41,10
29/03/2020,Germany,Lower Saxony,-76,-52,-42,-64,-36,10
29/03/2020,Germany,Mecklenburg-Vorpommern,-74,-48,-50,-64,-32,8
29/03/2020,Germany,North Rhine-Westphalia,-77,-51,-50,-70,-38,11
29/03/2020,Germany,Rhineland-Palatinate,-74,-40,-38,-71,-39,10
29/03/2020,Germany,Saarland,-77,-56,-29,-71,-39,10
29/03/2020,Germany,Saxony,-78,-51,-50,-66,-34,10
29/03/2020,Germany,Saxony-Anhalt,-74,-48,-56,-65,-27,8
29/03/2020,Germany,Schleswig-Holstein,-70,-53,-27,-58,-36,10
29/03/2020,Germany,Thuringia,-75,-44,-50,-63,-32,8
29/03/2020,Denmark,Total,-37,-22,35,-60,-28,9
29/03/2020,Denmark,Capital Region of Denmark,-48,-24,13,-67,-33,10
29/03/2020,Denmark,Central Denmark Region,-34,-23,71,-55,-26,9
29/03/2020,Denmark,North Denmark Region,-34,-16,32,-54,-26,8
29/03/2020,Denmark,Region Zealand,-28,-17,54,-55,-25,8
29/03/2020,Denmark,Region of Southern Denmark,-30,-22,23,-59,-28,9
29/03/2020,Dominican Republic,Total,-80,-63,-73,-84,-56,23
29/03/2020,Ecuador,Total,-84,-66,-80,-80,-61,26
29/03/2020,Estonia,Total,-60,-28,4,-51,-32,10
29/03/2020,Estonia,Harju County,-61,-29,2,-57,-34,11
29/03/2020,Estonia,Hiiu County,,,,,-68,
29/03/2020,Estonia,Ida-Viru County,-50,-22,-23,-35,-28,12
29/03/2020,Estonia,Järva County,-41,-23,,,-39,
29/03/2020,Estonia,Jõgeva County,-45,-24,,,-42,
29/03/2020,Estonia,Lääne County,-53,-32,,,-47,
29/03/2020,Estonia,Lääne-Viru County,-55,-20,,-41,-20,5
29/03/2020,Estonia,Pärnu County,-67,-31,-17,-53,-36,20
29/03/2020,Estonia,Põlva County,-77,-24,,,-48,
29/03/2020,Estonia,Rapla County,-72,-23,,,-47,
29/03/2020,Estonia,Saare County,-80,-40,,-80,-57,
29/03/2020,Estonia,Tartu County,-65,-30,-13,-54,-35,23
29/03/2020,Estonia,Valga County,-58,-30,,,-40,
29/03/2020,Estonia,Viljandi County,-58,-26,,-42,-13,
29/03/2020,Estonia,Võru County,-82,-20,,,-46,
29/03/2020,Egypt,Total,-50,-24,-40,-52,-35,15
29/03/2020,Spain,Total,-94,-76,-89,-88,-64,22
29/03/2020,Spain,Andalusia,-94,-81,-88,-90,-65,21
29/03/2020,Spain,Aragon,-92,-75,-87,-90,-64,20
29/03/2020,Spain,Asturias,-94,-78,-88,-80,-63,23
29/03/2020,Spain,Balearic Islands,-92,-68,-90,-88,-61,22
29/03/2020,Spain,Basque Country,-94,-77,-93,-88,-63,22
29/03/2020,Spain,Canary Islands,-94,-75,-92,-87,-66,20
29/03/2020,Spain,Cantabria,-94,-76,-92,-89,-61,23
29/03/2020,Spain,Castile and León,-94,-78,-84,-89,-62,22
29/03/2020,Spain,Castile-La Mancha,-93,-77,-84,-89,-63,21
29/03/2020,Spain,Catalonia,-94,-75,-90,-88,-64,21
29/03/2020,Spain,Ceuta,-89,-78,-91,,-64,4
29/03/2020,Spain,Community of Madrid,-94,-72,-92,-89,-65,22
29/03/2020,Spain,Extremadura,-93,-75,-79,-87,-60,22
29/03/2020,Spain,Galicia,-92,-77,-84,-88,-59,24
29/03/2020,Spain,La Rioja,-94,-75,-90,-90,-65,23
29/03/2020,Spain,Melilla,-92,-86,-90,-87,-59,-2
29/03/2020,Spain,Navarre,-93,-77,-88,-90,-61,23
29/03/2020,Spain,Region of Murcia,-94,-85,-90,-86,-63,24
29/03/2020,Spain,Valencian Community,-95,-84,-92,-90,-66,22
29/03/2020,Finland,Total,-52,-21,48,-59,-25,9
29/03/2020,Finland,Central Finland,-48,-22,60,-70,-23,8
29/03/2020,Finland,Central Ostrobothnia,-44,-13,,-63,-21,15
29/03/2020,Finland,Kainuu,-54,-24,44,-64,-21,13
29/03/2020,Finland,Kymenlaakso,-52,-21,65,-64,-17,8
29/03/2020,Finland,Lapland,-62,-30,40,-71,-31,7
29/03/2020,Finland,North Karelia,-54,-20,61,-54,-24,14
29/03/2020,Finland,Northern Ostrobothnia,-51,-24,73,-55,-24,8
29/03/2020,Finland,Northern Savonia,-56,-20,47,-53,-22,7
29/03/2020,Finland,Ostrobothnia,-44,-16,70,-50,-21,8
29/03/2020,Finland,Pirkanmaa,-53,-21,42,-53,-26,9
29/03/2020,Finland,Päijänne Tavastia,-56,-22,84,-54,-25,8
29/03/2020,Finland,Satakunta,-49,-22,34,-48,-19,8
29/03/2020,Finland,South Karelia,-55,-26,46,-64,-25,15
29/03/2020,Finland,Southern Ostrobothnia,-49,-20,50,-51,-20,9
29/03/2020,Finland,Southern Savonia,-55,-18,59,-66,-23,14
29/03/2020,Finland,Southwest Finland,-54,-22,15,-51,-25,9
29/03/2020,Finland,Tavastia Proper,-53,-24,43,-62,-22,9
29/03/2020,Finland,Uusimaa,-50,-20,39,-64,-28,10
29/03/2020,Fiji,Total,-39,-25,-13,-59,-6,12
29/03/2020,France,Total,-88,-72,-82,-87,-56,18
29/03/2020,France,Auvergne-Rhône-Alpes,-87,-74,-80,-89,-56,19
29/03/2020,France,Bourgogne-Franche-Comté,-87,-77,-77,-88,-54,18
29/03/2020,France,Brittany,-87,-76,-83,-88,-53,18
29/03/2020,France,Centre-Val de Loire,-86,-75,-79,-88,-53,17
29/03/2020,France,Corsica,-84,-67,-74,-83,-54,21
29/03/2020,France,Grand Est,-89,-77,-81,-89,-59,17
29/03/2020,France,Hauts-de-France,-88,-72,-84,-87,-56,17
29/03/2020,France,Normandy,-86,-73,-78,-88,-53,17
29/03/2020,France,Nouvelle-Aquitaine,-86,-76,-80,-86,-53,18
29/03/2020,France,Occitanie,-86,-72,-73,-86,-53,18
29/03/2020,France,Pays de la Loire,-88,-78,-80,-90,-54,18
29/03/2020,France,Provence-Alpes-Côte d'Azur,-87,-68,-83,-85,-55,18
29/03/2020,France,Île-de-France,-91,-69,-89,-87,-63,20
29/03/2020,Gabon,Total,-39,-24,-25,-47,-15,15
29/03/2020,United Kingdom,Total,-85,-46,-52,-75,-55,15
29/03/2020,United Kingdom,Aberdeen City,-86,-41,-46,-73,-58,30
29/03/2020,United Kingdom,Aberdeenshire,-80,-46,-45,-58,-52,27
29/03/2020,United Kingdom,Angus council,-80,-44,-28,-51,-48,20
29/03/2020,United Kingdom,Antrim And Newtownabbey,-81,-46,-61,-89,-52,29
29/03/2020,United Kingdom,Ards And North Down,-78,-39,-57,-57,-56,28
29/03/2020,United Kingdom,Argyll and Bute Council,-88,-45,-34,-57,-52,8
29/03/2020,United Kingdom,Armagh City and Banbridge And Craigavon,-82,-45,-66,-65,-47,27
29/03/2020,United Kingdom,Bath and North East Somerset,-91,-48,-54,-75,-66,30
29/03/2020,United Kingdom,Bedford,-86,-47,-51,-72,-49,28
29/03/2020,United Kingdom,Belfast,-85,-42,-47,-76,-59,17
29/03/2020,United Kingdom,Blackburn with Darwen,-85,-42,,-71,-50,25
29/03/2020,United Kingdom,Blackpool,-88,-43,-64,-65,-54,22
29/03/2020,United Kingdom,Blaenau Gwent,-75,-46,,-57,-46,12
29/03/2020,United Kingdom,Borough of Halton,-78,-43,-46,-60,-48,25
29/03/2020,United Kingdom,Bracknell Forest,-83,-41,-56,-69,-58,31
29/03/2020,United Kingdom,Bridgend County Borough,-85,-43,-48,-59,-50,25
29/03/2020,United Kingdom,Brighton and Hove,-89,-48,-59,-77,-64,30
29/03/2020,United Kingdom,Buckinghamshire,-85,-45,-43,-74,-57,16
29/03/2020,United Kingdom,Caerphilly County Borough,-78,-41,-52,-54,-47,25
29/03/2020,United Kingdom,Cambridgeshire,-87,-48,-51,-79,-54,16
29/03/2020,United Kingdom,Cardiff,-86,-45,-48,-79,-59,17
29/03/2020,United Kingdom,Carmarthenshire,-81,-46,-57,-60,-49,24
29/03/2020,United Kingdom,Causeway Coast and Glens,-87,-41,-66,-64,-55,26
29/03/2020,United Kingdom,Central Bedfordshire,-82,-45,-41,-74,-54,20
29/03/2020,United Kingdom,Ceredigion,-84,-54,-60,-69,-57,6
29/03/2020,United Kingdom,Cheshire East,-84,-47,-63,-75,-53,15
29/03/2020,United Kingdom,Cheshire West and Chester,-88,-47,-58,-77,-55,15
29/03/2020,United Kingdom,City of Bristol,-87,-47,-25,-81,-57,18
29/03/2020,United Kingdom,Clackmannanshire,-89,-39,,-53,-49,6
29/03/2020,United Kingdom,Conwy Principal Area,-86,-48,-70,-63,-58,22
29/03/2020,United Kingdom,Cornwall,-85,-53,-54,-66,-56,14
29/03/2020,United Kingdom,County Durham,-83,-42,-56,-68,-55,14
29/03/2020,United Kingdom,Cumbria,-84,-50,-54,-73,-58,15
29/03/2020,United Kingdom,Darlington,-86,-47,-57,-75,-51,26
29/03/2020,United Kingdom,Denbighshire,-84,-43,-59,-70,-52,14
29/03/2020,United Kingdom,Derby,-85,-46,-55,-81,-55,19
29/03/2020,United Kingdom,Derbyshire,-86,-43,-55,-66,-55,15
29/03/2020,United Kingdom,Derry And Strabane,-80,-39,-63,-60,-54,25
29/03/2020,United Kingdom,Devon,-87,-51,-54,-73,-54,15
29/03/2020,United Kingdom,Dorset,-87,-47,-57,-70,-57,15
29/03/2020,United Kingdom,Dumfries and Galloway,-80,-42,-48,-75,-49,22
29/03/2020,United Kingdom,Dundee City Council,-83,-52,-10,-71,-56,26
29/03/2020,United Kingdom,East Ayrshire Council,-83,-39,,-55,-51,26
29/03/2020,United Kingdom,East Dunbartonshire Council,-75,-35,,-54,-56,19
29/03/2020,United Kingdom,East Lothian Council,-81,-37,-34,-57,-56,17
29/03/2020,United Kingdom,East Renfrewshire Council,-63,-29,-54,-51,-56,19
29/03/2020,United Kingdom,East Riding of Yorkshire,-85,-45,-61,-51,-52,14
29/03/2020,United Kingdom,East Sussex,-87,-46,-60,-68,-57,14
29/03/2020,United Kingdom,Edinburgh,-86,-44,-42,-83,-67,18
29/03/2020,United Kingdom,Essex,-84,-49,-58,-85,-56,16
29/03/2020,United Kingdom,Falkirk,-78,-38,-26,-56,-47,27
29/03/2020,United Kingdom,Fermanagh And Omagh,-86,-47,-55,-54,-52,27
29/03/2020,United Kingdom,Fife,-79,-38,-32,-56,-51,14
29/03/2020,United Kingdom,Flintshire,-80,-44,-48,-60,-54,26
29/03/2020,United Kingdom,Glasgow City,-84,-44,-37,-81,-60,16
29/03/2020,United Kingdom,Gloucestershire,-86,-48,-49,-73,-55,15
29/03/2020,United Kingdom,Greater London,-87,-48,-59,-80,-62,19
29/03/2020,United Kingdom,Greater Manchester,-84,-46,-44,-80,-54,16
29/03/2020,United Kingdom,Gwynedd,-87,-55,-62,-65,-56,18
29/03/2020,United Kingdom,Hampshire,-85,-45,-48,-74,-54,15
29/03/2020,United Kingdom,Hartlepool,-86,-44,-64,-70,-51,19
29/03/2020,United Kingdom,Herefordshire,-86,-50,-42,-64,-46,24
29/03/2020,United Kingdom,Hertfordshire,-85,-47,-46,-73,-56,16
29/03/2020,United Kingdom,Highland Council,-83,-47,-48,-70,-53,24
29/03/2020,United Kingdom,Inverclyde,-83,-37,,-58,-52,15
29/03/2020,United Kingdom,Isle of Anglesey,-84,-48,-65,-63,-46,7
29/03/2020,United Kingdom,Isle of Wight,-88,-47,-57,-76,-54,22
29/03/2020,United Kingdom,Kent,-86,-49,-62,-68,-53,15
29/03/2020,United Kingdom,Kingston upon Hull,-82,-45,-49,-71,-51,14
29/03/2020,United Kingdom,Lancashire,-84,-44,-39,-71,-52,14
29/03/2020,United Kingdom,Leicester,-84,-47,-45,-80,-51,15
29/03/2020,United Kingdom,Leicestershire,-83,-45,-54,-72,-55,15
29/03/2020,United Kingdom,Lincolnshire,-84,-45,-63,-67,-47,13
29/03/2020,United Kingdom,Lisburn and Castlereagh,-87,-45,-79,-61,-56,30
29/03/2020,United Kingdom,Luton,-79,-39,-41,-90,-49,19
29/03/2020,United Kingdom,Medway,-85,-40,-67,-71,-51,15
29/03/2020,United Kingdom,Merseyside,-83,-42,-53,-74,-54,15
29/03/2020,United Kingdom,Merthyr Tydfil County Borough,-89,-50,,-54,-52,8
29/03/2020,United Kingdom,Mid And East Antrim,-81,-37,-52,-56,-56,27
29/03/2020,United Kingdom,Mid Ulster,-81,-43,,-51,-42,28
29/03/2020,United Kingdom,Middlesbrough,-84,-43,-63,-73,-51,24
29/03/2020,United Kingdom,Midlothian,-90,-43,-20,-50,-53,25
29/03/2020,United Kingdom,Milton Keynes,-85,-49,-53,-79,-55,19
29/03/2020,United Kingdom,Monmouthshire,-85,-56,-61,-58,-47,16
29/03/2020,United Kingdom,Moray,-88,-45,-42,-63,-54,12
29/03/2020,United Kingdom,Na h-Eileanan an Iar,-77,-31,,-54,-51,
29/03/2020,United Kingdom,Neath Port Talbot Principle Area,-74,-38,-46,-60,-46,23
29/03/2020,United Kingdom,Newport,-83,-47,-49,-66,-52,26
29/03/2020,United Kingdom,Newry and Mourne And Down,-87,-45,-65,-55,-52,29
29/03/2020,United Kingdom,Norfolk,-87,-52,-69,-68,-53,14
29/03/2020,United Kingdom,North Ayrshire Council,-79,-37,-12,-59,-51,25
29/03/2020,United Kingdom,North East Lincolnshire,-85,-46,-72,-68,-46,22
29/03/2020,United Kingdom,North Lanarkshire,-78,-37,,-56,-50,13
29/03/2020,United Kingdom,North Lincolnshire,-79,-41,-56,-58,-46,23
29/03/2020,United Kingdom,North Somerset,-84,-50,-52,-88,-54,27
29/03/2020,United Kingdom,North Yorkshire,-88,-48,-65,-74,-55,15
29/03/2020,United Kingdom,Northamptonshire,-84,-42,-59,-71,-47,14
29/03/2020,United Kingdom,Northumberland,-84,-42,-66,-61,-54,14
29/03/2020,United Kingdom,Nottinghamshire,-90,-45,-58,-80,-56,15
29/03/2020,United Kingdom,Orkney,-85,-40,,,-61,
29/03/2020,United Kingdom,Oxfordshire,-87,-45,-48,-79,-58,17
29/03/2020,United Kingdom,Pembrokeshire,-87,-49,-62,-61,-47,18
29/03/2020,United Kingdom,Perth and Kinross,-86,-46,-39,-65,-54,27
29/03/2020,United Kingdom,Peterborough,-80,-45,-36,-77,-43,17
29/03/2020,United Kingdom,Plymouth,-87,-50,-43,-70,-54,18
29/03/2020,United Kingdom,Portsmouth,-88,-43,-46,-71,-54,19
29/03/2020,United Kingdom,Powys,-88,-50,-56,-63,-51,23
29/03/2020,United Kingdom,Reading,-89,-50,-41,-84,-55,32
29/03/2020,United Kingdom,Redcar and Cleveland,-88,-44,-63,-62,-50,23
29/03/2020,United Kingdom,Renfrewshire,-86,-39,14,-84,-58,29
29/03/2020,United Kingdom,Rhondda Cynon Taff,-80,-41,-47,-52,-50,19
29/03/2020,United Kingdom,Rutland,-100,-37,-70,,-57,
29/03/2020,United Kingdom,Scottish Borders,-88,-46,-39,-44,-51,20
29/03/2020,United Kingdom,Shetland Islands,-85,-49,,-54,-60,
29/03/2020,United Kingdom,Shropshire,-85,-49,-56,-70,-50,14
29/03/2020,United Kingdom,Slough,-80,-45,-45,-78,-54,29
29/03/2020,United Kingdom,Somerset,-86,-48,-56,-73,-49,14
29/03/2020,United Kingdom,South Ayrshire Council,-88,-42,-35,-62,-56,20
29/03/2020,United Kingdom,South Gloucestershire,-81,-45,-30,-64,-52,20
29/03/2020,United Kingdom,South Lanarkshire,-78,-38,-6,-57,-54,14
29/03/2020,United Kingdom,South Yorkshire,-86,-43,-47,-71,-53,15
29/03/2020,United Kingdom,Southampton,-87,-41,-57,-71,-54,19
29/03/2020,United Kingdom,Southend-on-Sea,-89,-39,-63,-79,-57,28
29/03/2020,United Kingdom,Staffordshire,-85,-44,-54,-73,-54,14
29/03/2020,United Kingdom,Stirling,-85,-49,-49,-76,-62,11
29/03/2020,United Kingdom,Stockton-on-Tees,-84,-47,-60,-69,-52,25
29/03/2020,United Kingdom,Stoke-on-Trent,-84,-44,-41,-70,-49,14
29/03/2020,United Kingdom,Suffolk,-87,-51,-67,-69,-54,15
29/03/2020,United Kingdom,Surrey,-85,-44,-57,-74,-59,17
29/03/2020,United Kingdom,Swansea,-84,-50,-51,-67,-54,19
29/03/2020,United Kingdom,Swindon,-83,-44,-30,-69,-52,28
29/03/2020,United Kingdom,Thurrock,-88,-53,-51,-59,-50,29
29/03/2020,United Kingdom,Torbay,-86,-44,-58,-68,-55,24
29/03/2020,United Kingdom,Torfaen Principal Area,-82,-37,,-54,-53,24
29/03/2020,United Kingdom,Tyne and Wear,-85,-47,-58,-74,-57,15
29/03/2020,United Kingdom,Vale of Glamorgan,-84,-49,-59,-70,-54,27
29/03/2020,United Kingdom,Warrington,-86,-42,-29,-68,-52,27
29/03/2020,United Kingdom,Warwickshire,-86,-44,-56,-72,-54,15
29/03/2020,United Kingdom,West Berkshire,-88,-49,-41,-82,-58,29
29/03/2020,United Kingdom,West Dunbartonshire Council,-75,-43,,-54,-51,23
29/03/2020,United Kingdom,West Lothian,-74,-29,-29,-52,-50,27
29/03/2020,United Kingdom,West Midlands,-84,-45,-45,-78,-57,15
29/03/2020,United Kingdom,West Sussex,-85,-46,-53,-85,-56,15
29/03/2020,United Kingdom,West Yorkshire,-84,-44,-49,-74,-55,15
29/03/2020,United Kingdom,Wiltshire,-84,-45,-56,-70,-54,15
29/03/2020,United Kingdom,Windsor and Maidenhead,-88,-42,-74,-79,-63,31
29/03/2020,United Kingdom,Wokingham,-81,-52,-26,-66,-61,32
29/03/2020,United Kingdom,Worcestershire,-86,-47,-44,-71,-55,14
29/03/2020,United Kingdom,Wrexham Principal Area,-83,-43,-45,-64,-48,24
29/03/2020,United Kingdom,York,-90,-50,-64,-84,-65,29
29/03/2020,Georgia,Total,-67,-36,-24,-53,-38,12
29/03/2020,Ghana,Total,-15,8,-15,-15,3,9
29/03/2020,Greece,Total,-80,-41,-55,-76,-53,20
29/03/2020,Guatemala,Total,-67,-39,-53,-69,-39,19
29/03/2020,Guinea-Bissau,Total,-50,,,,-27,
29/03/2020,Hong Kong,Total,-35,-7,-43,-45,-24,16
29/03/2020,Honduras,Total,-81,-64,-59,-74,-46,20
29/03/2020,Croatia,Total,-82,-57,-45,-74,-50,15
29/03/2020,Croatia,Bjelovar-Bilogora County,-85,-58,-23,-70,-46,20
29/03/2020,Croatia,Brod-Posavina County,-81,-59,,-83,-51,23
29/03/2020,Croatia,City of Zagreb,-85,-61,-51,-76,-51,16
29/03/2020,Croatia,Dubrovnik-Neretva County,-78,-54,-29,-66,-52,22
29/03/2020,Croatia,Istria County,-74,-55,-35,-76,-45,15
29/03/2020,Croatia,Karlovac County,-83,-56,-16,-66,-48,30
29/03/2020,Croatia,Koprivnica-Križevci County,-81,-58,,,-44,25
29/03/2020,Croatia,Krapina-Zagorje County,-87,-63,,-72,-48,34
29/03/2020,Croatia,Lika-Senj County,-73,-44,-58,-83,-46,
29/03/2020,Croatia,Međimurje County,-86,-64,,-84,-54,27
29/03/2020,Croatia,Osijek-Baranja County,-83,-54,-14,-73,-47,17
29/03/2020,Croatia,Požega-Slavonia County,-83,-58,,-75,-49,0
29/03/2020,Croatia,Primorje-Gorski Kotar County,-82,-58,-47,-81,-48,15
29/03/2020,Croatia,Sisak-Moslavina County,-76,-61,-51,-71,-43,27
29/03/2020,Croatia,Split-Dalmatia County,-83,-52,-33,-76,-55,17
29/03/2020,Croatia,Varaždin County,-86,-61,-62,-83,-50,30
29/03/2020,Croatia,Virovitica-Podravina County,-80,-53,,-79,-46,1
29/03/2020,Croatia,Vukovar-Srijem County,-81,-52,,-70,-48,24
29/03/2020,Croatia,Zadar County,-77,-51,-19,-75,-47,25
29/03/2020,Croatia,Zagreb County,-85,-59,-64,-72,-53,15
29/03/2020,Croatia,Šibenik-Knin County,-78,-47,-12,-67,-48,15
29/03/2020,Haiti,Total,-34,-31,-19,-48,-14,7
29/03/2020,Hungary,Total,-66,-43,-7,-53,-32,10
29/03/2020,Hungary,Baranya,-70,-45,27,-45,-30,9
29/03/2020,Hungary,Borsod-Abaúj-Zemplén,-59,-47,19,-38,-28,8
29/03/2020,Hungary,Budapest,-74,-40,-38,-67,-39,12
29/03/2020,Hungary,Bács-Kiskun,-62,-42,10,-47,-27,9
29/03/2020,Hungary,Békés County,-54,-39,15,-43,-23,7
29/03/2020,Hungary,Csongrád,-66,-40,-12,-39,-28,10
29/03/2020,Hungary,Fejér,-58,-43,24,-48,-30,9
29/03/2020,Hungary,Gyor-Moson-Sopron,-71,-48,-6,-51,-42,11
29/03/2020,Hungary,Hajdú-Bihar,-63,-46,34,-52,-28,9
29/03/2020,Hungary,Heves County,-62,-48,-35,-48,-34,12
29/03/2020,Hungary,Jász-Nagykun-Szolnok,-52,-38,32,-49,-25,8
29/03/2020,Hungary,Komárom-Esztergom,-57,-40,51,-46,-28,9
29/03/2020,Hungary,Nógrád County,-51,-40,-29,-30,-24,15
29/03/2020,Hungary,Pest County,-56,-42,57,-34,-31,10
29/03/2020,Hungary,Somogy County,-58,-44,1,-44,-30,10
29/03/2020,Hungary,Szabolcs-Szatmár-Bereg,-57,-52,4,-43,-25,7
29/03/2020,Hungary,Tolna County,-50,-44,,-44,-28,18
29/03/2020,Hungary,Vas County,-68,-50,19,-55,-38,13
29/03/2020,Hungary,Veszprém,-57,-44,5,-43,-33,9
29/03/2020,Hungary,Zala County,-66,-52,-25,-48,-35,11
29/03/2020,Indonesia,Total,-47,-27,-52,-54,-15,15
29/03/2020,Ireland,Total,-83,-37,-59,-78,-52,19
29/03/2020,Ireland,County Carlow,-83,-35,-52,-64,-48,9
29/03/2020,Ireland,County Cavan,-81,-39,-41,-57,-45,21
29/03/2020,Ireland,County Clare,-78,-30,-54,-74,-49,25
29/03/2020,Ireland,County Cork,-81,-40,-54,-73,-51,19
29/03/2020,Ireland,County Donegal,-81,-39,-49,-56,-47,21
29/03/2020,Ireland,County Dublin,-85,-35,-64,-82,-58,21
29/03/2020,Ireland,County Galway,-82,-36,-60,-68,-51,21
29/03/2020,Ireland,County Kerry,-83,-44,-54,-76,-53,22
29/03/2020,Ireland,County Kildare,-84,-36,-66,-71,-51,21
29/03/2020,Ireland,County Kilkenny,-82,-37,-65,-77,-47,23
29/03/2020,Ireland,County Laois,-79,-40,,-77,-48,22
29/03/2020,Ireland,County Leitrim,-93,-41,,,-50,
29/03/2020,Ireland,County Limerick,-82,-35,-57,-74,-46,21
29/03/2020,Ireland,County Longford,-77,-40,,,-45,
29/03/2020,Ireland,County Louth,-84,-39,-67,-84,-49,24
29/03/2020,Ireland,County Mayo,-85,-44,-31,-78,-47,22
29/03/2020,Ireland,County Meath,-80,-33,-54,-59,-49,21
29/03/2020,Ireland,County Monaghan,-80,-43,,-58,-49,18
29/03/2020,Ireland,County Offaly,-79,-38,-40,-65,-47,22
29/03/2020,Ireland,County Roscommon,-86,-38,,,-43,18
29/03/2020,Ireland,County Sligo,-89,-44,-48,-69,-44,9
29/03/2020,Ireland,County Tipperary,-80,-36,-61,-73,-46,21
29/03/2020,Ireland,County Waterford,-87,-45,-75,-77,-46,20
29/03/2020,Ireland,County Westmeath,-85,-48,-45,-75,-52,24
29/03/2020,Ireland,County Wexford,-83,-42,-70,-71,-52,22
29/03/2020,Ireland,County Wicklow,-89,-40,-79,-76,-53,27
29/03/2020,Israel,Total,-67,-13,-56,-61,-59,30
29/03/2020,India,Total,-77,-65,-57,-71,-47,22
29/03/2020,Iraq,Total,-64,-42,-48,-61,-55,21
29/03/2020,Italy,Total,-94,-85,-90,-87,-63,24
29/03/2020,Italy,Abruzzo,-94,-84,-89,-90,-63,24
29/03/2020,Italy,Aosta,-95,-88,-91,-86,-67,36
29/03/2020,Italy,Apulia,-94,-85,-88,-88,-64,25
29/03/2020,Italy,Basilicata,-91,-84,-77,-86,-58,22
29/03/2020,Italy,Calabria,-94,-92,-85,-90,-63,22
29/03/2020,Italy,Campania,-94,-78,-91,-89,-67,23
29/03/2020,Italy,Emilia-Romagna,-96,-94,-88,-88,-65,24
29/03/2020,Italy,Friuli-Venezia Giulia,-95,-94,-90,-83,-59,24
29/03/2020,Italy,Lazio,-94,-76,-90,-88,-62,24
29/03/2020,Italy,Liguria,-94,-80,-91,-85,-60,23
29/03/2020,Italy,Lombardy,-95,-81,-91,-89,-65,24
29/03/2020,Italy,Marche,-95,-88,-91,-86,-64,26
29/03/2020,Italy,Molise,-91,-82,-84,-80,-60,29
29/03/2020,Italy,Piedmont,-94,-82,-89,-85,-59,23
29/03/2020,Italy,Sardinia,-94,-92,-87,-81,-56,22
29/03/2020,Italy,Sicily,-95,-93,-91,-89,-68,25
29/03/2020,Italy,Trentino-South Tyrol,-96,-94,-93,-86,-65,25
29/03/2020,Italy,Tuscany,-94,-84,-91,-85,-62,25
29/03/2020,Italy,Umbria,-95,-89,-86,-81,-61,25
29/03/2020,Italy,Veneto,-96,-95,-91,-89,-62,25
29/03/2020,Jamaica,Total,-53,-36,-50,-50,-29,12
29/03/2020,Jordan,Total,-74,-52,-59,-89,-73,27
29/03/2020,Japan,Total,-26,-7,-25,-41,-9,7
29/03/2020,Japan,Aichi,-14,1,-11,-35,-5,6
29/03/2020,Japan,Akita,-1,5,19,-20,0,3
29/03/2020,Japan,Aomori,-11,1,11,-20,0,3
29/03/2020,Japan,Chiba,-43,-21,-61,-53,-15,11
29/03/2020,Japan,Ehime,-5,5,29,-12,0,3
29/03/2020,Japan,Fukui,-13,5,-18,-19,-2,6
29/03/2020,Japan,Fukuoka,-13,6,34,-34,-3,4
29/03/2020,Japan,Fukushima,-21,-7,-51,-35,-4,7
29/03/2020,Japan,Gifu,-14,3,-25,-32,-4,6
29/03/2020,Japan,Gunma,-33,-15,-55,-49,-8,9
29/03/2020,Japan,Hiroshima,-7,7,15,-24,-1,3
29/03/2020,Japan,Hokkaido,-7,3,-2,-27,-5,3
29/03/2020,Japan,Hyogo,-12,5,-10,-31,-4,5
29/03/2020,Japan,Ibaraki,-31,-16,-60,-51,-10,10
29/03/2020,Japan,Ishikawa,-8,8,-23,-30,-1,4
29/03/2020,Japan,Iwate,-5,5,6,-19,1,3
29/03/2020,Japan,Kagawa,-7,4,19,-22,-1,3
29/03/2020,Japan,Kagoshima,-5,4,16,-15,4,2
29/03/2020,Japan,Kanagawa,-55,-31,-66,-55,-23,13
29/03/2020,Japan,Kochi,-3,3,23,-7,0,2
29/03/2020,Japan,Kumamoto,-13,4,36,-14,-1,4
29/03/2020,Japan,Kyoto,-10,7,12,-32,-3,4
29/03/2020,Japan,Mie,-9,4,-20,-33,-1,5
29/03/2020,Japan,Miyagi,-14,0,-37,-35,-2,5
29/03/2020,Japan,Miyazaki,-7,7,4,-15,2,3
29/03/2020,Japan,Nagano,-31,-11,-56,-44,-4,8
29/03/2020,Japan,Nagasaki,-3,8,30,-12,3,2
29/03/2020,Japan,Nara,-7,11,10,-27,-5,4
29/03/2020,Japan,Niigata,-11,3,-22,-35,-3,5
29/03/2020,Japan,Oita,-8,5,22,-17,-1,3
29/03/2020,Japan,Okayama,-7,7,17,-18,0,3
29/03/2020,Japan,Okinawa,-9,0,-14,-27,1,3
29/03/2020,Japan,Osaka,-21,3,-8,-39,-7,6
29/03/2020,Japan,Saga,-4,6,48,-19,0,3
29/03/2020,Japan,Saitama,-51,-28,-61,-53,-20,12
29/03/2020,Japan,Shiga,-6,7,-8,-25,-2,4
29/03/2020,Japan,Shimane,1,6,45,4,5,1
29/03/2020,Japan,Shizuoka,-17,-4,-47,-38,-6,7
29/03/2020,Japan,Tochigi,-33,-16,-61,-46,-9,10
29/03/2020,Japan,Tokushima,-4,3,27,-13,0,3
29/03/2020,Japan,Tokyo,-63,-32,-66,-59,-27,14
29/03/2020,Japan,Tottori,1,9,15,-13,2,2
29/03/2020,Japan,Toyama,-6,7,-19,-26,0,4
29/03/2020,Japan,Wakayama,-6,8,16,-21,-2,4
29/03/2020,Japan,Yamagata,-3,6,-12,-27,-1,3
29/03/2020,Japan,Yamaguchi,-4,9,49,-6,1,3
29/03/2020,Japan,Yamanashi,-29,-13,-56,-51,-9,8
29/03/2020,Kenya,Total,-45,-33,-20,-39,-22,17
29/03/2020,Kyrgyzstan,Total,-74,-64,-32,-70,-43,15
29/03/2020,Cambodia,Total,-43,-29,-31,-57,-15,12
29/03/2020,South Korea,Total,-19,11,51,-17,-12,6
29/03/2020,Kuwait,Total,-56,-30,-48,-49,-42,23
29/03/2020,Kuwait,Al Ahmadi Governorate,-52,-28,-40,-37,-34,20
29/03/2020,Kuwait,Al Asimah Governate,-65,-34,-56,-53,-50,21
29/03/2020,Kuwait,Al Farwaniyah Governorate,-50,-31,-47,-55,-37,24
29/03/2020,Kuwait,Al Jahra Governorate,-46,-30,-38,-18,-32,19
29/03/2020,Kuwait,Hawalli Governorate,-61,-28,-53,-40,-52,26
29/03/2020,Kuwait,Mubarak Al-Kabeer Governorate,-56,-34,-51,-42,-52,21
29/03/2020,Kazakhstan,Total,-45,-24,-20,-32,-17,9
29/03/2020,Laos,Total,-45,-23,-18,-47,-9,11
29/03/2020,Lebanon,Total,-73,-48,-59,-84,-41,15
29/03/2020,Liechtenstein,Total,-90,-22,,,,
29/03/2020,Sri Lanka,Total,-86,-87,-57,-78,-50,32
29/03/2020,Lithuania,Total,-72,-38,-28,-63,-33,11
29/03/2020,Lithuania,Alytus County,-71,-36,0,-70,-32,17
29/03/2020,Lithuania,Kaunas County,-74,-40,-48,-68,-33,11
29/03/2020,Lithuania,Klaipėda County,-73,-31,-43,-59,-36,11
29/03/2020,Lithuania,Marijampolė County,-64,-39,-35,-41,-27,18
29/03/2020,Lithuania,Panevėžys County,-70,-36,-32,-63,-26,7
29/03/2020,Lithuania,Tauragė County,-60,-31,,-46,-23,15
29/03/2020,Lithuania,Telšiai County,-67,-40,-18,-44,-24,17
29/03/2020,Lithuania,Utena County,-63,-22,1,-35,-23,16
29/03/2020,Lithuania,Vilnius County,-74,-41,-22,-67,-40,12
29/03/2020,Lithuania,Šiauliai County,-73,-39,-41,-38,-30,7
29/03/2020,Luxembourg,Total,-90,-70,-66,-78,-60,23
29/03/2020,Latvia,Total,-50,-22,-18,-48,-25,7
29/03/2020,Libya,Total,-49,-28,-32,-52,-36,21
29/03/2020,Moldova,Total,-67,-44,-43,-68,-37,12
29/03/2020,North Macedonia,Total,-74,-41,-44,-69,-51,18
29/03/2020,Mali,Total,-25,-18,-12,-36,0,9
29/03/2020,Myanmar,Total,-46,-29,-19,-35,-10,12
29/03/2020,Mongolia,Total,-16,5,5,-16,-2,2
29/03/2020,Malta,Total,-76,-38,-45,-57,-49,19
29/03/2020,Mauritius,Total,-89,-86,-88,-89,-69,24
29/03/2020,Mauritius,Flacq District,-92,-89,-88,,-72,8
29/03/2020,Mauritius,Grand Port District,-94,-90,-90,-94,-70,8
29/03/2020,Mauritius,Moka District,-97,-76,,-74,-65,8
29/03/2020,Mauritius,Pamplemousses District,-81,-82,-91,-81,-67,7
29/03/2020,Mauritius,Plaines Wilhems District,-91,-88,,-92,-71,37
29/03/2020,Mauritius,Port Louis District,-88,-89,-85,-87,-65,6
29/03/2020,Mauritius,Rivière Noire District,-92,-88,-91,-82,-73,8
29/03/2020,Mauritius,Rivière du Rempart District,-93,-93,-100,,-67,8
29/03/2020,Mauritius,Rodrigues District,,,-55,,-62,
29/03/2020,Mauritius,Savanne District,-91,-83,-28,,-69,
29/03/2020,Mexico,Total,-45,-19,-46,-47,-20,11
29/03/2020,Malaysia,Total,-81,-58,-68,-83,-52,31
29/03/2020,Mozambique,Total,-26,-13,-22,-29,1,10
29/03/2020,Namibia,Total,-56,-42,-39,-74,-28,16
29/03/2020,Niger,Total,-23,-15,-19,-25,-1,9
29/03/2020,Nigeria,Total,-39,-25,-24,-34,-11,15
29/03/2020,Nicaragua,Total,-45,-25,-31,-38,-17,11
29/03/2020,Netherlands,Total,-65,-29,-30,-68,-35,11
29/03/2020,Netherlands,Drenthe,-61,-30,-27,-58,-29,9
29/03/2020,Netherlands,Flevoland,-56,-25,-5,-63,-34,10
29/03/2020,Netherlands,Friesland,-57,-28,-11,-51,-28,9
29/03/2020,Netherlands,Gelderland,-66,-28,-29,-62,-33,10
29/03/2020,Netherlands,Groningen,-65,-31,2,-63,-33,10
29/03/2020,Netherlands,Limburg,-76,-34,-59,-65,-38,12
29/03/2020,Netherlands,North Brabant,-68,-28,-33,-71,-34,12
29/03/2020,Netherlands,North Holland,-66,-31,-35,-78,-40,12
29/03/2020,Netherlands,Overijssel,-67,-29,-25,-66,-34,11
29/03/2020,Netherlands,South Holland,-60,-26,-22,-64,-35,11
29/03/2020,Netherlands,Utrecht,-60,-32,-17,-70,-36,11
29/03/2020,Netherlands,Zeeland,-69,-40,-46,-57,-31,10
29/03/2020,Norway,Total,-65,-32,-5,-57,-34,11
29/03/2020,Norway,Agder,-59,-21,-1,-39,-31,9
29/03/2020,Norway,Innlandet,-66,-37,-8,-54,-32,10
29/03/2020,Norway,Møre og Romsdal,-73,-38,-40,-67,-29,10
29/03/2020,Norway,Nordland,-61,-18,24,-71,-24,8
29/03/2020,Norway,Oslo,-68,-26,-7,-64,-45,14
29/03/2020,Norway,Rogaland,-61,-38,4,-58,-35,11
29/03/2020,Norway,Troms Og Finnmark,-74,-46,-24,-71,-32,10
29/03/2020,Norway,Trondelag,-74,-41,-15,-68,-37,13
29/03/2020,Norway,Vestfold Og Telemark,-59,-23,13,-52,-30,10
29/03/2020,Norway,Vestland,-71,-47,-31,-66,-36,12
29/03/2020,Norway,Viken,-56,-21,24,-59,-33,11
29/03/2020,Nepal,Total,-78,-69,-55,-74,-72,28
29/03/2020,New Zealand,Total,-91,-54,-78,-84,-59,22
29/03/2020,New Zealand,Auckland,-89,-55,-70,-83,-64,25
29/03/2020,New Zealand,Bay Of Plenty,-92,-51,-86,-83,-52,22
29/03/2020,New Zealand,Canterbury,-90,-56,-83,-90,-60,22
29/03/2020,New Zealand,Gisborne,-100,-48,-88,,-47,
29/03/2020,New Zealand,Hawke's Bay,-94,-53,-78,-84,-51,31
29/03/2020,New Zealand,Manawatu-Wanganui,-93,-50,-76,-84,-54,33
29/03/2020,New Zealand,Marlborough,-92,-60,-83,-91,-25,0
29/03/2020,New Zealand,Nelson,-100,-60,-81,,-61,4
29/03/2020,New Zealand,Northland,-93,-55,-86,-86,-52,32
29/03/2020,New Zealand,Otago,-95,-62,-82,-91,-64,39
29/03/2020,New Zealand,Southland,-96,-53,-83,,-48,17
29/03/2020,New Zealand,Taranaki,-95,-52,-86,,-51,17
29/03/2020,New Zealand,Tasman,-90,-67,-89,,-54,
29/03/2020,New Zealand,Waikato,-94,-55,-84,-82,-57,23
29/03/2020,New Zealand,Wellington,-93,-54,-63,-84,-62,20
29/03/2020,New Zealand,West Coast,-100,-61,-87,,-54,
29/03/2020,Oman,Total,-52,-35,-41,-64,-34,17
29/03/2020,Panama,Total,-84,-61,-78,-77,-59,31
29/03/2020,Peru,Total,-82,-57,-76,-83,-55,29
29/03/2020,Papua New Guinea,Total,-20,-9,-12,-46,11,
29/03/2020,Philippines,Total,-81,-59,-59,-82,-54,26
29/03/2020,Pakistan,Total,-70,-55,-45,-62,-41,18
29/03/2020,Poland,Total,-78,-59,-59,-71,-36,13
29/03/2020,Poland,Greater Poland Voivodeship,-80,-61,-62,-73,-37,13
29/03/2020,Poland,Kuyavian-Pomeranian Voivodeship,-79,-63,-73,-78,-33,12
29/03/2020,Poland,Lesser Poland Voivodeship,-84,-65,-69,-78,-41,14
29/03/2020,Poland,Lower Silesian Voivodeship,-82,-65,-71,-77,-38,13
29/03/2020,Poland,Lublin Voivodeship,-71,-44,-25,-71,-32,12
29/03/2020,Poland,Lubusz Voivodeship,-77,-65,-55,-72,-37,12
29/03/2020,Poland,Masovian Voivodeship,-77,-54,-60,-70,-35,13
29/03/2020,Poland,Opole Voivodeship,-79,-62,-55,-72,-37,12
29/03/2020,Poland,Podkarpackie Voivodeship,-71,-46,-11,-71,-36,13
29/03/2020,Poland,Podlaskie Voivodeship,-75,-47,-17,-60,-32,11
29/03/2020,Poland,Pomeranian Voivodeship,-82,-64,-78,-78,-38,14
29/03/2020,Poland,Silesian Voivodeship,-77,-58,-50,-65,-35,13
29/03/2020,Poland,Swietokrzyskie,-74,-44,-26,-67,-34,12
29/03/2020,Poland,Warmian-Masurian Voivodeship,-77,-60,-63,-73,-35,11
29/03/2020,Poland,West Pomeranian Voivodeship,-80,-66,-76,-69,-39,12
29/03/2020,Poland,Łódź Voivodeship,-74,-55,-49,-66,-29,13
29/03/2020,Puerto Rico,Total,-77,-51,-75,-79,-48,21
29/03/2020,Portugal,Total,-83,-59,-80,-78,-53,22
29/03/2020,Portugal,Aveiro District,-83,-61,-84,-83,-53,24
29/03/2020,Portugal,Azores,-83,-56,-66,-87,-47,18
29/03/2020,Portugal,Beja District,-83,-59,-60,,-40,24
29/03/2020,Portugal,Braga,-83,-60,-82,-76,-52,24
29/03/2020,Portugal,Bragança District,-85,-66,-57,-78,-52,18
29/03/2020,Portugal,Castelo Branco District,-81,-61,-65,-76,-48,31
29/03/2020,Portugal,Coimbra District,-83,-61,-80,-77,-48,23
29/03/2020,Portugal,Faro District,-83,-60,-78,-82,-54,21
29/03/2020,Portugal,Guarda District,-86,-64,-75,-68,-46,28
29/03/2020,Portugal,Leiria District,-85,-62,-85,-81,-50,23
29/03/2020,Portugal,Lisbon,-84,-58,-82,-79,-56,22
29/03/2020,Portugal,Madeira,-89,-63,-86,-77,-60,27
29/03/2020,Portugal,Portalegre District,-85,-63,-70,,-42,24
29/03/2020,Portugal,Porto District,-84,-59,-82,-79,-54,23
29/03/2020,Portugal,Santarém District,-83,-59,-77,-81,-46,20
29/03/2020,Portugal,Setubal,-82,-56,-78,-74,-54,20
29/03/2020,Portugal,Viana do Castelo District,-85,-68,-76,-76,-51,26
29/03/2020,Portugal,Vila Real District,-86,-64,-71,-72,-52,33
29/03/2020,Portugal,Viseu District,-82,-60,-65,-61,-48,22
29/03/2020,Portugal,Évora District,-83,-59,-78,-77,-48,29
29/03/2020,Paraguay,Total,-68,-52,-71,-76,-30,23
29/03/2020,Qatar,Total,-51,-25,-34,-52,-31,22
29/03/2020,Reunion,Total,-96,-88,-92,-82,,
29/03/2020,Romania,Total,-81,-53,-60,-72,-39,15
29/03/2020,Romania,Alba County,-83,-58,-49,-62,-45,12
29/03/2020,Romania,Arad County,-81,-55,-45,-69,-38,15
29/03/2020,Romania,Argeș County,-79,-54,-45,-73,-36,15
29/03/2020,Romania,Bacău County,-80,-55,-47,-77,-38,15
29/03/2020,Romania,Bihor County,-80,-59,-39,-64,-38,14
29/03/2020,Romania,Bistrița-Năsăud County,-82,-64,-64,-64,-43,17
29/03/2020,Romania,Botoșani County,-77,-51,-6,-67,-38,14
29/03/2020,Romania,Brașov County,-85,-61,-79,-79,-43,17
29/03/2020,Romania,Brăila County,-78,-47,-71,-70,-31,15
29/03/2020,Romania,Bucharest,-85,-50,-86,-74,-45,18
29/03/2020,Romania,Buzău County,-76,-56,-50,-59,-29,15
29/03/2020,Romania,Caraș-Severin County,-77,-56,-53,-69,-41,19
29/03/2020,Romania,Cluj County,-85,-62,-66,-77,-45,17
29/03/2020,Romania,Constanța County,-80,-49,-72,-69,-37,16
29/03/2020,Romania,Covasna County,-85,-61,-60,-61,-36,20
29/03/2020,Romania,Călărași County,-65,-50,-53,-60,-24,14
29/03/2020,Romania,Dolj County,-78,-53,-58,-67,-32,14
29/03/2020,Romania,Dâmbovița County,-76,-52,-50,-61,-32,14
29/03/2020,Romania,Galați,-80,-51,-66,-71,-38,16
29/03/2020,Romania,Giurgiu County,-63,-38,-37,-45,-19,14
29/03/2020,Romania,Gorj County,-73,-48,-50,-67,-36,15
29/03/2020,Romania,Harghita County,-79,-65,-60,-60,-40,18
29/03/2020,Romania,Hunedoara County,-82,-53,-66,-67,-44,14
29/03/2020,Romania,Ialomița County,-62,-49,-47,-63,-28,17
29/03/2020,Romania,Iași County,-82,-53,-57,-73,-39,17
29/03/2020,Romania,Ilfov County,-78,-47,-61,-78,-39,16
29/03/2020,Romania,Maramureș County,-81,-58,-44,-67,-44,13
29/03/2020,Romania,Mehedinți County,-78,-48,-51,-64,-33,20
29/03/2020,Romania,Mureș County,-81,-58,-61,-68,-37,14
29/03/2020,Romania,Neamț County,-80,-55,-62,-79,-39,16
29/03/2020,Romania,Olt County,-70,-46,-53,-66,-35,13
29/03/2020,Romania,Prahova,-81,-56,-72,-73,-36,14
29/03/2020,Romania,Satu Mare County,-82,-58,-39,-72,-40,13
29/03/2020,Romania,Sibiu,-83,-63,-70,-73,-42,15
29/03/2020,Romania,Suceava County,-85,-65,-49,-78,-48,17
29/03/2020,Romania,Sălaj,-82,-50,-55,-64,-36,16
29/03/2020,Romania,Teleorman County,-56,-47,-21,-55,-24,13
29/03/2020,Romania,Timiș County,-83,-54,-71,-74,-42,16
29/03/2020,Romania,Tulcea County,-79,-53,-60,-71,-33,16
29/03/2020,Romania,Vaslui County,-76,-53,-28,-68,-37,13
29/03/2020,Romania,Vrancea County,-81,-56,-36,-74,-37,17
29/03/2020,Romania,Vâlcea County,-78,-52,-50,-66,-36,14
29/03/2020,Rwanda,Total,-56,-57,-18,-75,-31,22
29/03/2020,Saudi Arabia,Total,-54,-24,-49,-75,-45,23
29/03/2020,Sweden,Total,-24,-10,43,-36,-18,5
29/03/2020,Sweden,Blekinge County,-6,-5,26,-23,-18,9
29/03/2020,Sweden,Dalarna County,-34,-15,1,-30,-17,5
29/03/2020,Sweden,Gavleborg County,-27,-10,10,-27,-14,5
29/03/2020,Sweden,Gotland County,-12,-6,,-45,-10,7
29/03/2020,Sweden,Halland County,-13,-7,74,-25,-14,5
29/03/2020,Sweden,Jamtland County,-41,-25,3,-46,-16,8
29/03/2020,Sweden,Jonkoping County,-24,-7,30,-29,-23,6
29/03/2020,Sweden,Kalmar County,-11,-5,21,-27,-13,5
29/03/2020,Sweden,Kronoberg County,-19,-6,-51,-35,-17,8
29/03/2020,Sweden,Norrbotten County,-30,-14,60,-38,-15,2
29/03/2020,Sweden,Skåne County,-23,-8,23,-43,-16,6
29/03/2020,Sweden,Stockholm County,-31,-14,24,-45,-21,7
29/03/2020,Sweden,Södermanland County,-18,-7,46,-41,-19,5
29/03/2020,Sweden,Uppsala County,-27,-9,35,-36,-18,7
29/03/2020,Sweden,Varmland County,-28,-11,0,-25,-13,5
29/03/2020,Sweden,Västerbotten County,-27,-10,34,-32,-18,3
29/03/2020,Sweden,Västernorrland County,-26,-9,-14,-26,-17,4
29/03/2020,Sweden,Västmanland County,-18,-7,-25,-32,-17,5
29/03/2020,Sweden,Västra Götaland County,-24,-9,38,-34,-18,6
29/03/2020,Sweden,Örebro County,-18,-7,59,-28,-18,5
29/03/2020,Sweden,Östergötland County,-18,-12,60,-33,-17,5
29/03/2020,Singapore,Total,-28,-6,-12,-40,-15,15
29/03/2020,Slovenia,Total,-88,-92,-43,-54,-45,13
29/03/2020,Slovenia,Administrative unit Maribor,-90,-95,-53,-69,-45,27
29/03/2020,Slovenia,Ajdovščina,-86,-41,,-65,-56,
29/03/2020,Slovenia,Brežice,-91,-55,,,-57,
29/03/2020,Slovenia,Celje,-88,-94,-58,-52,-39,11
29/03/2020,Slovenia,Cerknica,-83,,,,-53,
29/03/2020,Slovenia,Domžale,-89,-89,,-55,-39,22
29/03/2020,Slovenia,Dravograd,-70,,,,-45,
29/03/2020,Slovenia,Gornja Radgona,-88,-33,,,-48,
29/03/2020,Slovenia,Grosuplje,-90,-43,,,-38,2
29/03/2020,Slovenia,Idrija,-66,-45,,,-55,
29/03/2020,Slovenia,Ilirska Bistrica,-80,,,,-55,
29/03/2020,Slovenia,Izola,-84,-33,,,-63,
29/03/2020,Slovenia,Jesenice,-90,-53,-67,-61,-53,
29/03/2020,Slovenia,Kamnik,-95,-47,,,-39,2
29/03/2020,Slovenia,Koper,-92,-85,-63,-73,-47,13
29/03/2020,Slovenia,Kočevje,-73,-51,,,-52,
29/03/2020,Slovenia,Kranj,-90,-91,,-75,-52,30
29/03/2020,Slovenia,Krško,-71,-54,,,-36,
29/03/2020,Slovenia,Laško,-80,-51,,,-53,
29/03/2020,Slovenia,Lenart,-89,-41,,,-51,
29/03/2020,Slovenia,Lendava,-78,-55,,,-48,
29/03/2020,Slovenia,Litija,-77,-35,,,-53,
29/03/2020,Slovenia,Ljubljana,-87,-91,-51,-58,-44,15
29/03/2020,Slovenia,Ljutomer,-88,-48,,,-52,
29/03/2020,Slovenia,Logatec,-88,-47,,-81,-53,
29/03/2020,Slovenia,Metlika,,,,,-58,
29/03/2020,Slovenia,Mozirje,-80,-45,,,-53,
29/03/2020,Slovenia,Municipality of Hrastnik,,,,,-53,
29/03/2020,Slovenia,Murska Sobota,-90,-39,,-44,-50,1
29/03/2020,Slovenia,Nova Gorica,-89,-49,,-60,-52,2
29/03/2020,Slovenia,Novo Mesto,-90,-45,,,-37,19
29/03/2020,Slovenia,Ormož,-61,-50,,,-59,
29/03/2020,Slovenia,Pesnica,-83,,,,-55,
29/03/2020,Slovenia,Piran,-90,-81,-53,,-61,
29/03/2020,Slovenia,Postojna,-73,-46,,-51,-51,
29/03/2020,Slovenia,Ptuj,-95,-92,,-61,-37,18
29/03/2020,Slovenia,Radlje ob Dravi,-81,-45,,,-49,
29/03/2020,Slovenia,Radovljica,-94,-50,-62,-61,-61,
29/03/2020,Slovenia,Ravne na Koroškem,-76,-41,,,-30,
29/03/2020,Slovenia,Ribnica,,,,,-52,
29/03/2020,Slovenia,Ruše,-78,,,,-52,
29/03/2020,Slovenia,Sevnica,-85,-40,,,-51,
29/03/2020,Slovenia,Sežana,-95,-57,,,-44,
29/03/2020,Slovenia,Slovenj Gradec,-86,-57,,,-58,
29/03/2020,Slovenia,Slovenska Bistrica,-100,-49,,,-36,
29/03/2020,Slovenia,Slovenske Konjice,-91,-36,,,-48,
29/03/2020,Slovenia,Tolmin,-68,-49,,,-54,
29/03/2020,Slovenia,Trbovlje,-86,-41,,,-50,
29/03/2020,Slovenia,Trebnje,-92,-49,,,-57,
29/03/2020,Slovenia,Tržič,-84,-44,,,-54,
29/03/2020,Slovenia,Velenje,-93,-58,,-59,-47,0
29/03/2020,Slovenia,Vrhnika,-88,-42,,,-50,
29/03/2020,Slovenia,Zagorje ob Savi,-76,-45,,,-59,
29/03/2020,Slovenia,Črnomelj,-70,-47,,,-47,
29/03/2020,Slovenia,Šentjur,-74,-44,,,-54,
29/03/2020,Slovenia,Škofja Loka,-90,-43,,-63,-64,1
29/03/2020,Slovenia,Šmarje pri Jelšah,-82,-60,2,,-58,
29/03/2020,Slovenia,Žalec,-100,-42,,,-41,0
29/03/2020,Slovakia,Total,-82,-89,-9,-61,-38,10
29/03/2020,Slovakia,Banská Bystrica Region,-81,-88,5,-59,-36,9
29/03/2020,Slovakia,Bratislava Region,-83,-91,-3,-64,-40,12
29/03/2020,Slovakia,Košice Region,-81,-90,67,-60,-34,9
29/03/2020,Slovakia,Nitra Region,-81,-90,29,-58,-36,9
29/03/2020,Slovakia,Prešov Region,-82,-90,-55,-71,-41,10
29/03/2020,Slovakia,Trenčín Region,-78,-88,3,-57,-40,9
29/03/2020,Slovakia,Trnava Region,-81,-89,45,-62,-38,10
29/03/2020,Slovakia,Žilina Region,-83,-88,-25,-68,-41,10
29/03/2020,Senegal,Total,-44,-31,-28,-50,-10,12
29/03/2020,El Salvador,Total,-81,-62,-72,-73,-50,23
29/03/2020,Togo,Total,-37,-25,-21,-41,-9,16
29/03/2020,Thailand,Total,-55,-27,-54,-61,-21,16
29/03/2020,Tajikistan,Total,-8,-8,4,-17,10,-3
29/03/2020,Turkey,Total,-75,-39,-58,-71,-45,17
29/03/2020,Trinidad and Tobago,Total,-29,10,-40,-70,-17,9
29/03/2020,Taiwan,Total,-9,3,17,-24,-1,4
29/03/2020,Tanzania,Total,-16,-8,-7,-11,-9,3
29/03/2020,Uganda,Total,-50,-36,-16,-59,-23,19
29/03/2020,US,Total,-47,-22,-19,-51,-38,12
29/03/2020,United States of America,Alabama,-41,-13,19,-30,-32,9
29/03/2020,United States of America,Alaska,-48,-27,18,-55,-33,10
29/03/2020,United States of America,Arizona,-40,-17,-7,-41,-33,10
29/03/2020,United States of America,Arkansas,-29,-7,81,-22,-27,7
29/03/2020,United States of America,California,-50,-24,-38,-54,-39,15
29/03/2020,United States of America,Colorado,-51,-27,-12,-60,-40,13
29/03/2020,United States of America,Connecticut,-56,-32,-52,-64,-38,15
29/03/2020,United States of America,Delaware,-47,-28,-6,-57,-37,12
29/03/2020,United States of America,District of Columbia,-64,-30,-41,-68,-47,14
29/03/2020,United States of America,Florida,-50,-26,-48,-63,-41,13
29/03/2020,United States of America,Georgia,-42,-17,-2,-52,-37,11
29/03/2020,United States of America,Hawaii,-56,-36,-65,-72,-45,16
29/03/2020,United States of America,Idaho,-42,-18,25,-34,-38,10
29/03/2020,United States of America,Illinois,-53,-24,-29,-55,-39,13
29/03/2020,United States of America,Indiana,-48,-25,24,-34,-36,11
29/03/2020,United States of America,Iowa,-43,-10,41,-28,-29,10
29/03/2020,United States of America,Kansas,-36,-14,72,-20,-30,9
29/03/2020,United States of America,Kentucky,-37,-11,68,-34,-34,9
29/03/2020,United States of America,Louisiana,-45,-16,-18,-49,-35,11
29/03/2020,United States of America,Maine,-50,-22,-24,-56,-31,10
29/03/2020,United States of America,Maryland,-45,-25,29,-51,-39,13
29/03/2020,United States of America,Massachusetts,-59,-36,-56,-73,-42,16
29/03/2020,United States of America,Michigan,-58,-28,15,-55,-43,12
29/03/2020,United States of America,Minnesota,-58,-35,-16,-64,-38,14
29/03/2020,United States of America,Mississippi,-32,-7,27,-29,-30,9
29/03/2020,United States of America,Missouri,-38,-12,73,-34,-32,9
29/03/2020,United States of America,Montana,-51,-25,28,-37,-37,10
29/03/2020,United States of America,Nebraska,-34,-9,109,-18,-24,8
29/03/2020,United States of America,Nevada,-47,-23,-38,-62,-52,14
29/03/2020,United States of America,New Hampshire,-58,-35,-63,-63,-38,13
29/03/2020,United States of America,New Jersey,-59,-33,-36,-70,-44,16
29/03/2020,United States of America,New Mexico,-44,-18,-12,-31,-34,11
29/03/2020,United States of America,New York,-62,-32,-47,-68,-46,16
29/03/2020,United States of America,North Carolina,-40,-15,13,-51,-35,10
29/03/2020,United States of America,North Dakota,-44,-13,73,-36,-24,9
29/03/2020,United States of America,Ohio,-43,-19,117,-33,-35,10
29/03/2020,United States of America,Oklahoma,-36,-12,29,-23,-32,9
29/03/2020,United States of America,Oregon,-51,-25,-22,-47,-38,12
29/03/2020,United States of America,Pennsylvania,-50,-27,7,-52,-38,12
29/03/2020,United States of America,Rhode Island,-55,-30,-50,-67,-37,14
29/03/2020,United States of America,South Carolina,-38,-11,-4,-34,-34,9
29/03/2020,United States of America,South Dakota,-35,-3,126,-31,-25,8
29/03/2020,United States of America,Tennessee,-35,-9,35,-35,-34,8
29/03/2020,United States of America,Texas,-45,-23,-27,-47,-36,13
29/03/2020,United States of America,Utah,-41,-14,26,-44,-40,10
29/03/2020,United States of America,Vermont,-62,-42,-55,-71,-43,13
29/03/2020,United States of America,Virginia,-39,-16,46,-50,-36,11
29/03/2020,United States of America,Washington,-48,-26,-11,-56,-41,13
29/03/2020,United States of America,West Virginia,-38,-16,52,-31,-33,8
29/03/2020,United States of America,Wisconsin,-55,-30,-12,-50,-34,13
29/03/2020,United States of America,Wyoming,-37,-13,29,-14,-29,8
29/03/2020,Uruguay,Total,-75,-45,-79,-71,-35,22
29/03/2020,Uruguay,Artigas Department,-60,-45,-71,-77,-24,-3
29/03/2020,Uruguay,Canelones Department,-74,-49,-77,-75,-31,20
29/03/2020,Uruguay,Cerro Largo Department,-74,-43,-76,-73,-28,13
29/03/2020,Uruguay,Colonia Department,-78,-51,-84,-90,-38,21
29/03/2020,Uruguay,Durazno Department,-68,-39,-68,-79,-21,-2
29/03/2020,Uruguay,Flores Department,-83,-38,-72,,-20,
29/03/2020,Uruguay,Florida Department,-63,-37,-78,-70,-23,13
29/03/2020,Uruguay,Lavalleja Department,-53,-35,-76,-69,-22,-2
29/03/2020,Uruguay,Maldonado Department,-87,-65,-88,-86,-56,24
29/03/2020,Uruguay,Montevideo Department,-73,-37,-72,-58,-37,23
29/03/2020,Uruguay,Paysandú Department,-68,-22,-75,-78,-23,18
29/03/2020,Uruguay,Rivera Department,-71,-33,-76,-67,-33,12
29/03/2020,Uruguay,Rocha Department,-89,-75,-89,-90,-41,9
29/03/2020,Uruguay,Río Negro Department,-72,-49,-82,-64,-27,-3
29/03/2020,Uruguay,Salto Department,-71,-49,-74,-68,-30,17
29/03/2020,Uruguay,San José Department,-60,-40,-78,-61,-23,19
29/03/2020,Uruguay,Soriano Department,-67,-52,-78,,-28,13
29/03/2020,Uruguay,Tacuarembó Department,-67,-43,-77,-76,-25,15
29/03/2020,Uruguay,Treinta y Tres Department,-60,-24,-75,-55,-20,
29/03/2020,Venezuela,Total,-62,-44,-57,-62,-25,16
29/03/2020,Vietnam,Total,-52,-29,-33,-49,-20,16
29/03/2020,Yemen,Total,-8,-1,-9,-9,-5,5
29/03/2020,South Africa,Total,-79,-60,-55,-80,-49,24
29/03/2020,Zambia,Total,-21,-8,-6,-24,0,10
29/03/2020,Zimbabwe,Total,-2,24,-4,-6,14,13
