year,iso,Country,Occurrence,total_deaths,injured,affected,homeless,total_affected,total_damage
1900,JAM,Jamaica,1,30,,,,,
1901,UGA,Uganda,1,200000,,,,,
1907,IND,India,1,1300000,,,,,
1909,CHN,China,1,1500000,,,,,
1909,IDN,Indonesia,1,40,,,,,
1910,CHN,China,1,60000,,,,,
1917,SUN,Soviet Union,1,2500000,,,,,
1918,BGD,Bangladesh,1,393000,,,,,
1918,CAN,Canada,1,50000,,2000000,,2000000,
1918,NZL,New Zealand,1,6700,,,,,
1919,AIA,Anguilla,1,,,,,,
1920,AIA,Anguilla,1,,,,,,
1920,IND,India,2,2500000,,,,,
1921,AIA,Anguilla,1,,,,,,
1922,AIA,Anguilla,1,,,,,,
1923,AIA,Anguilla,1,,,,,,
1923,NER,Niger (the),1,100000,,,,,
1923,SUN,Soviet Union,1,,,18000000,,18000000,
1924,IND,India,1,300000,,,,,
1926,IND,India,1,423000,,,,,
1932,JAM,Jamaica,1,16,,,,,
1935,UGA,Uganda,1,2000,,,,,
1940,SDN,Sudan (the),1,1500,,15000,,15000,
1945,BEL,Belgium,1,,,104,,104,
1947,EGY,Egypt,1,10276,,,,,
1950,SDN,Sudan (the),1,,,72162,,72162,
1953,CAN,Canada,1,481,,8000,,8000,
1963,HTI,Haiti,1,,,2724,,2724,
1963,MMR,Myanmar,1,,,,,,
1963,NPL,Nepal,1,1000,,5000,,5000,
1964,PAN,Panama,1,,,1200,,1200,
1964,TUR,Turkey,1,19,,2500,,2500,
1964,VNM,Viet Nam,1,598,,10848,,10848,
1965,HND,Honduras,1,7,,170,,170,
1965,IRN,Iran (Islamic Republic of),1,288,,2500,,2500,
1965,SEN,Senegal,1,60,,150,,150,
1965,SOM,Somalia,1,,,,,,
1965,SDN,Sudan (the),1,,,2300,,2300,
1965,TUR,Turkey,1,461,,100000,,100000,
1966,MAR,Morocco,1,200,,2942,,2942,
1966,SDN,Sudan (the),1,,,,,,
1967,ECU,Ecuador,1,36,,528,,528,
1967,IND,India,1,3029,,13576,,13576,
1967,NPL,Nepal,1,17,,24,,24,
1967,NIC,Nicaragua,1,53,,444,,444,
1967,LKA,Sri Lanka,1,2,,200000,,200000,
1968,IDN,Indonesia,1,40,,94,,94,
1968,MYS,Malaysia,1,2,,5,,5,
1968,PAK,Pakistan,1,37,,1075,,1075,
1968,TUR,Turkey,1,98,,1975,,1975,
1969,BOL,Bolivia (Plurinational State of),2,18,,77,,77,
1969,BFA,Burkina Faso,2,434,,4550,,4550,
1969,ECU,Ecuador,1,400,,40000,,40000,
1969,SLV,El Salvador,1,12,,19,,19,
1969,GTM,Guatemala,1,4,,8,,8,
1969,HND,Honduras,1,,,,,,
1969,KOR,Korea (the Republic of),1,137,,1538,,1538,
1969,MLI,Mali,2,513,,4023,,4023,
1969,NIC,Nicaragua,1,,,,,,7
1969,NER,Niger (the),1,2,,5,,5,
1969,NGA,Nigeria,1,2000,,80000,,80000,
1970,CIV,C�te d�Iv,1,120,,1500,,1500,
1970,CYP,Cyprus,1,,,,,,
1970,ETH,Ethiopia,1,500,,4000,,4000,
1970,NER,Niger (the),1,319,,2677,,2677,
1971,TCD,Chad,1,2312,,7476,,7476,
1971,VEN,Venezuela (Bolivarian Republic of),1,1,,,,,
1972,YUG,Yugoslavia,1,35,,174,,174,
1974,BRA,Brazil,1,1500,,30000,,30000,
1974,LSO,Lesotho,1,,,500,,500,
1975,BRA,Brazil,1,,,107,,107,
1976,BEN,Benin,1,1,,7,,7,
1976,COD,Congo (the Democratic Republic of the),1,245,,262,,262,
1976,SDN,Sudan (the),1,150,,299,,299,
1977,BGD,Bangladesh,1,260,,10461,,10461,
1977,ECU,Ecuador,1,,,300,,300,
1977,GHA,Ghana,1,,,6558,,6558,
1977,IND,India,1,,,9091,,9091,
1977,IDN,Indonesia,2,117,,29942,,29942,
1977,JAM,Jamaica,1,,,,,,
1977,JPN,Japan,1,1,,74,,74,
1977,KIR,Kiribati,1,17,,352,,352,
1977,MYS,Malaysia,1,,,50,,50,
1977,PER,Peru,1,26,,,,,
1977,PHL,Philippines (the),3,75,,681,,681,
1977,SOM,Somalia,1,,,2671,,2671,
1977,LKA,Sri Lanka,1,,,728,,728,
1977,SYR,Syrian Arab Republic,2,88,,4165,,4165,
1977,TZA,"Tanzania, United Republic of",2,500,,6050,,6050,
1977,THA,Thailand,1,100,,2800,,2800,
1977,TUR,Turkey,1,,,100000,,100000,
1978,BHR,Bahrain,1,111,,,,,
1978,BGD,Bangladesh,1,129,,,,,
1978,BDI,Burundi,1,54,,1530,,1530,
1978,COD,Congo (the Democratic Republic of the),1,,,,,,
1978,DOM,Dominican Republic (the),1,,,,,,
1978,GMB,Gambia (the),1,200,,,,,
1978,IND,India,4,2206,,1000,,1000,
1978,IDN,Indonesia,2,93,,70,,70,
1978,IRN,Iran (Islamic Republic of),1,8,,,,,
1978,IRQ,Iraq,1,1,,51,,51,
1978,JPN,Japan,1,,,2000000,,2000000,
1978,MDV,Maldives,1,219,,11258,,11258,
1978,PHL,Philippines (the),1,17,,,,,
1978,RWA,Rwanda,2,17,,2000,,2000,
1978,SEN,Senegal,1,5,,298,,298,
1978,TUR,Turkey,1,,,,,,
1979,BFA,Burkina Faso,1,241,,1612,,1612,
1979,IND,India,1,215,,,,,
1979,MLI,Mali,1,30,,80,,80,
1980,ETH,Ethiopia,1,157,,25000,,25000,
1980,IND,India,3,1040,,,,,
1980,LBR,Liberia,1,466,,1887,,1887,
1980,MUS,Mauritius,1,,,108,,108,
1980,MOZ,Mozambique,1,10,,200,,200,
1980,TZA,"Tanzania, United Republic of",1,12,,,,,
1981,BFA,Burkina Faso,2,1091,,10013,,10013,
1981,ETH,Ethiopia,1,990,,50000,,50000,
1981,JOR,Jordan,1,4,,715,,715,
1981,MLI,Mali,1,412,,4153,,4153,
1982,BGD,Bangladesh,1,2696,,173460,,173460,
1982,IND,India,1,118,,,,,
1982,IDN,Indonesia,1,39,,200,,200,
1982,MRT,Mauritania,1,5,,12,,12,
1982,NPL,Nepal,1,,,1475,,1475,
1982,UGA,Uganda,1,3,,153,,153,
1982,ZMB,Zambia,1,51,,,,,
1983,BGD,Bangladesh,1,500,,,,,
1983,BFA,Burkina Faso,1,237,,386,,386,
1983,IDN,Indonesia,1,120,,,,,
1983,MOZ,Mozambique,1,189,,5679,,5679,
1983,MMR,Myanmar,1,10,,800,,800,
1983,PSE,"Palestine, State of",1,,,943,,943,
1983,TZA,"Tanzania, United Republic of",1,163,,,,,
1984,BGD,Bangladesh,1,950,,,,,
1984,BRA,Brazil,1,300,,,,,
1984,BFA,Burkina Faso,1,,,1000,,1000,
1984,GHA,Ghana,1,103,,1500,,1500,
1984,IND,India,3,4510,,27000,,27000,
1984,IDN,Indonesia,1,105,,4000,,4000,
1984,MLI,Mali,1,1022,,4502,,4502,
1984,NER,Niger (the),1,,,,,,
1984,SEN,Senegal,1,,,,,,
1984,GBR,United Kingdom of Great Britain and Northern Ireland (the),1,26,,16,,16,
1985,BGD,Bangladesh,2,900,,,,,
1985,BTN,Bhutan,1,41,,247,,247,
1985,ETH,Ethiopia,1,1101,,4815,,4815,
1985,IND,India,3,1854,,6589,,6589,
1985,LAO,Lao People's Democratic Republic (the),1,,,,,,
1985,SEN,Senegal,1,300,,3100,,3100,
1985,SLE,Sierra Leone,1,352,,3000,,3000,
1985,SOM,Somalia,1,1262,,4815,,4815,
1985,TZA,"Tanzania, United Republic of",1,10,,118,,118,
1985,GBR,United Kingdom of Great Britain and Northern Ireland (the),1,34,,144,,144,
1986,BGD,Bangladesh,1,165,,52000,,52000,
1986,BRA,Brazil,1,,,34722,,34722,
1986,IND,India,2,265,,11600,,11600,
1986,IDN,Indonesia,2,59,,500700,,500700,
1986,NGA,Nigeria,2,1073,,1400,,1400,
1986,STP,Sao Tome and Principe,1,150,,,,,
1986,SOM,Somalia,1,1307,,7093,,7093,
1986,UGA,Uganda,1,27,,340,,340,
1987,AGO,Angola,1,59,,673,,673,
1987,BGD,Bangladesh,3,750,,601200,,601200,
1987,BEN,Benin,2,65,,403,,403,
1987,CHN,China,1,,,1000,,1000,
1987,COD,Congo (the Democratic Republic of the),2,498,,,,,
1987,GIN,Guinea,1,18,,30,,30,
1987,GNB,Guinea-Bissau,1,68,,6000,,6000,
1987,IND,India,1,90,,,,,
1987,LAO,Lao People's Democratic Republic (the),1,63,,2000,,2000,
1987,MLI,Mali,2,202,,305,,305,
1987,MRT,Mauritania,1,35,,178,,178,
1987,NGA,Nigeria,5,530,,120,,120,
1987,LKA,Sri Lanka,1,53,,,,,
1987,SDN,Sudan (the),1,60,,,,,
1987,TZA,"Tanzania, United Republic of",1,90,,500,,500,
1987,TUR,Turkey,1,11,,150,,150,
1988,BWA,Botswana,1,183,,14618,,14618,
1988,BRA,Brazil,1,,,170,,170,
1988,CMR,Cameroon,1,39,,340,,340,
1988,TCD,Chad,1,433,,6794,,6794,
1988,CHN,China,1,,,2000,,2000,
1988,ETH,Ethiopia,2,7400,,41304,,41304,
1988,GAB,Gabon,1,,,132,,132,
1988,GHA,Ghana,1,15,,138,,138,
1988,IND,India,3,3911,,,,,
1988,MLI,Mali,1,47,,159,,159,
1988,MRT,Mauritania,1,38,,575,,575,
1988,NAM,Namibia,1,100,,,,,
1988,PER,Peru,2,230,,,,,
1988,SDN,Sudan (the),2,2770,,38805,,38805,
1988,TGO,Togo,1,50,,1617,,1617,
1989,AGO,Angola,1,766,,15525,,15525,
1989,BGD,Bangladesh,1,20,,,,,
1989,BEN,Benin,1,228,,2411,,2411,
1989,BOL,Bolivia (Plurinational State of),1,67,,97,,97,
1989,CMR,Cameroon,1,100,,550,,550,
1989,COM,Comoros (the),1,3,,450,,450,
1989,GHA,Ghana,1,,,19,,19,
1989,IND,India,1,200,,,,,
1989,MWI,Malawi,1,35,,444,,444,
1989,NER,Niger (the),2,186,,1785,,1785,
1989,NGA,Nigeria,1,29,,41,,41,
1989,STP,Sao Tome and Principe,1,31,,1063,,1063,
1989,UGA,Uganda,1,156,,961,,961,
1989,VUT,Vanuatu,1,12,3000,,,3000,
1989,VEN,Venezuela (Bolivarian Republic of),1,37,,,,,
1990,CMR,Cameroon,1,118,,172,,172,
1990,COK,Cook Islands (the),1,7,,1200,,1200,
1990,GTM,Guatemala,1,200,,,,,
1990,IND,India,2,148,,18000,,18000,
1990,IDN,Indonesia,1,50,,,,,
1990,JAM,Jamaica,1,,,300,,300,
1990,MOZ,Mozambique,2,694,,4000,,4000,
1990,NPL,Nepal,1,150,,3800,,3800,
1990,NGA,Nigeria,1,60,,,,,
1990,PHL,Philippines (the),1,21,,200,,200,
1990,TZA,"Tanzania, United Republic of",1,200,,,,,
1990,UGA,Uganda,1,197,,1170,,1170,
1990,USA,United States of America (the),1,3,,50,,50,
1990,VEN,Venezuela (Bolivarian Republic of),1,74,,9506,,9506,
1990,VNM,Viet Nam,1,200,,,,,
1990,ZMB,Zambia,1,85,,667,,667,
1991,DZA,Algeria,1,,,204,,204,
1991,BGD,Bangladesh,2,2700,,1608000,,1608000,
1991,BOL,Bolivia (Plurinational State of),1,329,,17665,,17665,
1991,BRA,Brazil,1,196,,15240,,15240,
1991,BFA,Burkina Faso,1,37,,,,,
1991,CMR,Cameroon,1,308,,1343,,1343,
1991,CAN,Canada,1,18,,171,,171,
1991,TCD,Chad,1,1262,,12204,,12204,
1991,CHL,Chile,1,1,,40,,40,
1991,CHN,China,1,1075,,,,,
1991,COL,Colombia,1,350,,14137,,14137,
1991,COD,Congo (the Democratic Republic of the),1,500,,,,,
1991,CIV,C�te d�Iv,1,16,50,,,50,
1991,ECU,Ecuador,1,343,,15131,,15131,
1991,SLV,El Salvador,1,155,,5625,,5625,
1991,GHA,Ghana,1,20,,,,,
1991,GTM,Guatemala,1,180,,26800,,26800,
1991,IND,India,1,185,,,,,
1991,IDN,Indonesia,5,294,,15000,,15000,
1991,KEN,Kenya,1,26,,200,,200,
1991,MYS,Malaysia,1,263,,3750,,3750,
1991,MEX,Mexico,1,52,,5000,,5000,
1991,NPL,Nepal,1,1334,,45341,,45341,
1991,NIC,Nicaragua,1,2,,381,,381,
1991,NER,Niger (the),2,2842,,90147,,90147,
1991,NGA,Nigeria,2,7689,,11200,,11200,
1991,PAN,Panama,1,43,,2057,,2057,
1991,PER,Peru,2,9726,79725,203628,,283353,
1991,RWA,Rwanda,1,32,,214,,214,
1991,SDN,Sudan (the),1,12,,,,,
1991,TZA,"Tanzania, United Republic of",2,574,,1733,,1733,
1991,UGA,Uganda,1,100,,,,,
1991,VEN,Venezuela (Bolivarian Republic of),1,18,,967,,967,
1991,ZMB,Zambia,1,,,13154,,13154,
1992,ARG,Argentina,1,67,,3883,,3883,
1992,BGD,Bangladesh,1,200,,,,,
1992,BTN,Bhutan,1,,,494,,494,
1992,BDI,Burundi,1,220,,2068,,2068,
1992,KHM,Cambodia,2,50,,380400,,380400,
1992,CMR,Cameroon,1,731,,7865,,7865,
1992,CAN,Canada,1,17,,,,,
1992,CAF,Central African Republic,1,56,,418,,418,
1992,DOM,Dominican Republic (the),1,20,,,,,
1992,ECU,Ecuador,1,200,,,,,
1992,SLV,El Salvador,1,,,350,,350,
1992,FRA,France,1,20,,,,,
1992,GTM,Guatemala,1,206,,,,,
1992,LAO,Lao People's Democratic Republic (the),1,143,,,,,
1992,MWI,Malawi,1,,,,,,
1992,MOZ,Mozambique,1,587,,225673,,225673,
1992,NPL,Nepal,1,640,,50000,,50000,
1992,NGA,Nigeria,1,100,,,,,
1992,PAN,Panama,1,57,,,,,
1992,PER,Peru,1,690,,,,,
1992,PHL,Philippines (the),1,70,,,,,
1992,SWZ,Swaziland,1,30,,2228,,2228,
1992,TZA,"Tanzania, United Republic of",1,2231,40249,,,40249,
1992,UGA,Uganda,1,50,,,,,
1992,VEN,Venezuela (Bolivarian Republic of),1,32,,,,,
1992,ZMB,Zambia,1,,,11659,,11659,
1992,ZWE,Zimbabwe,1,258,,5649,,5649,
1993,BGD,Bangladesh,1,38,,5660,,5660,
1993,CMR,Cameroon,1,513,,4070,,4070,
1993,CUB,Cuba,1,,,49358,,49358,
1993,USA,United States of America (the),1,100,,403000,,403000,
1994,CPV,Cabo Verde,1,245,,12344,,12344,
1994,DJI,Djibouti,1,10,,239,,239,
1994,GAB,Gabon,1,20,,,,,
1994,GIN,Guinea,1,311,,24000,,24000,
1994,GNB,Guinea-Bissau,1,195,,8631,,8631,
1994,IND,India,1,53,,5150,,5150,
1994,KEN,Kenya,1,1000,,6500000,,6500000,
1994,LAO,Lao People's Democratic Republic (the),1,500,,8000,,8000,
1994,SOM,Somalia,1,100,,17000,,17000,
1994,UKR,Ukraine,1,71,,1333,,1333,
1995,AGO,Angola,1,,,1007,,1007,
1995,BGD,Bangladesh,2,400,,21236,,21236,
1995,BLR,Belarus,1,13,,282,,282,
1995,BRA,Brazil,1,2,,112939,,112939,
1995,COD,Congo (the Democratic Republic of the),1,233,,,,,
1995,CRI,Costa Rica,1,,,4786,,4786,
1995,CIV,C�te d�Iv,1,150,,2027,,2027,
1995,DOM,Dominican Republic (the),1,2,,1252,,1252,
1995,ECU,Ecuador,1,,,3399,,3399,
1995,SLV,El Salvador,1,5,,9296,,9296,
1995,GTM,Guatemala,1,,,3402,,3402,
1995,HND,Honduras,1,5,,15998,,15998,
1995,LAO,Lao People's Democratic Republic (the),1,34,,244,,244,
1995,LBR,Liberia,1,9,,359,,359,
1995,MEX,Mexico,1,16,,6525,,6525,
1995,NPL,Nepal,1,126,,772,,772,
1995,NIC,Nicaragua,2,18,,13406,,13406,
1995,NER,Niger (the),1,3022,,63691,,63691,
1995,PAN,Panama,1,1,,2124,,2124,
1995,RUS,Russian Federation (the),1,,,150000,,150000,
1995,SEN,Senegal,1,188,,3031,,3031,
1995,UKR,Ukraine,1,204,,5336,,5336,
1995,VEN,Venezuela (Bolivarian Republic of),1,,,32280,,32280,
1996,ALB,Albania,1,7,,66,,66,
1996,BGD,Bangladesh,1,20,,10000,,10000,
1996,BEN,Benin,1,65,,21,,21,
1996,BFA,Burkina Faso,2,4135,,40967,,40967,
1996,CMR,Cameroon,1,378,,2825,,2825,
1996,TCD,Chad,1,94,,1317,,1317,
1996,COL,Colombia,1,62,,3000,,3000,
1996,COD,Congo (the Democratic Republic of the),2,202,,1954,,1954,
1996,CYP,Cyprus,1,,,280,,280,
1996,GAB,Gabon,1,45,,15,,15,
1996,GHA,Ghana,1,411,,3757,,3757,
1996,GNB,Guinea-Bissau,1,961,,26967,,26967,
1996,IND,India,1,354,,8423,,8423,
1996,IDN,Indonesia,1,117,,5373,,5373,
1996,PRK,Korea (the Democratic People's Republic of),1,,,200,,200,
1996,LBR,Liberia,1,56,,,,,
1996,MYS,Malaysia,2,13,,5407,,5407,
1996,MLI,Mali,2,345,,2208,,2208,
1996,MRT,Mauritania,1,46,,,,,
1996,MNG,Mongolia,1,8,,108,,108,
1996,NPL,Nepal,1,118,,697,,697,
1996,NER,Niger (the),2,882,,10475,,10475,
1996,NGA,Nigeria,2,5539,,42586,,42586,
1996,PHL,Philippines (the),2,30,,1673,,1673,
1996,ROU,Romania,1,,,527,,527,
1996,RWA,Rwanda,1,10,,106,,106,
1996,SLE,Sierra Leone,3,226,,953,,953,
1996,SOM,Somalia,1,247,,5557,,5557,
1996,SDN,Sudan (the),1,700,,1800,,1800,
1996,SWZ,Swaziland,1,80,,,,,
1996,TJK,Tajikistan,1,,,7516,,7516,
1996,TGO,Togo,2,360,,2619,,2619,
1996,UGA,Uganda,1,20,,,,,
1996,VNM,Viet Nam,1,45,,9706,,9706,
1996,ZWE,Zimbabwe,1,1311,,500000,,500000,
1997,DZA,Algeria,1,1,,364,,364,
1997,BGD,Bangladesh,1,64,,14330,,14330,
1997,BLR,Belarus,1,,,605,,605,
1997,BEN,Benin,1,47,,226,,226,
1997,BOL,Bolivia (Plurinational State of),2,18,,734,,734,
1997,BRA,Brazil,1,,,25900,,25900,
1997,BFA,Burkina Faso,1,2274,,17996,,17996,
1997,BDI,Burundi,2,21,,24350,,24350,
1997,KHM,Cambodia,1,3,,227,,227,
1997,CMR,Cameroon,2,109,,479,,479,
1997,TCD,Chad,1,239,,2835,,2835,
1997,COD,Congo (the Democratic Republic of the),3,54,,1411,,1411,
1997,COG,Congo (the),1,83,,485,,485,
1997,COK,Cook Islands (the),1,,,123,,123,
1997,CUB,Cuba,1,3,,823,,823,
1997,DJI,Djibouti,1,29,,827,,827,
1997,GMB,Gambia (the),1,120,,793,,793,
1997,GHA,Ghana,1,26,,159,,159,
1997,GNB,Guinea-Bissau,1,781,,22299,,22299,
1997,IND,India,3,80,,890,,890,
1997,IDN,Indonesia,2,197,,,,,
1997,IRQ,Iraq,1,,,185,,185,
1997,JPN,Japan,1,,,460,,460,
1997,KEN,Kenya,4,1232,,33036,,33036,
1997,KGZ,Kyrgyzstan,1,22,,336,,336,
1997,MWI,Malawi,2,10,,622,,622,
1997,MYS,Malaysia,3,95,,21684,,21684,
1997,MLI,Mali,1,1098,,9666,,9666,
1997,MOZ,Mozambique,3,637,,27201,,27201,
1997,NPL,Nepal,1,84,,1364,,1364,
1997,NER,Niger (the),2,262,,2156,,2156,
1997,PER,Peru,1,1,,174,,174,
1997,RUS,Russian Federation (the),1,,,4538,,4538,
1997,SLE,Sierra Leone,2,51,,2024,,2024,
1997,SOM,Somalia,2,500,,1044,,1044,
1997,ESP,Spain,1,,,1383,,1383,
1997,LKA,Sri Lanka,1,36,,1695,,1695,
1997,TJK,Tajikistan,1,168,,15618,,15618,
1997,TZA,"Tanzania, United Republic of",2,2329,,42350,,42350,
1997,UGA,Uganda,2,,,100300,,100300,
1997,UKR,Ukraine,1,,,102,,102,
1998,AFG,Afghanistan,2,185,,15783,,15783,
1998,AGO,Angola,1,115,,1113,,1113,
1998,BGD,Bangladesh,1,151,,185000,,185000,
1998,BEN,Benin,1,78,,527,,527,
1998,BOL,Bolivia (Plurinational State of),1,5,,165,,165,
1998,BRA,Brazil,3,13,,214340,,214340,
1998,BFA,Burkina Faso,1,26,,441,,441,
1998,KHM,Cambodia,2,490,,15069,,15069,
1998,CMR,Cameroon,2,239,,2086,,2086,
1998,COM,Comoros (the),1,40,,3200,,3200,
1998,COD,Congo (the Democratic Republic of the),5,1002,,13884,,13884,
1998,DJI,Djibouti,1,43,,2000,,2000,
1998,ECU,Ecuador,2,13,,11,,11,
1998,SLV,El Salvador,1,,,1670,,1670,
1998,GHA,Ghana,1,67,,1546,,1546,
1998,GTM,Guatemala,1,17,,1345,,1345,
1998,HND,Honduras,2,17,,2452,,2452,
1998,IND,India,2,807,,15238,,15238,
1998,IDN,Indonesia,2,1449,,32665,,32665,
1998,KAZ,Kazakhstan,1,7,,593,,593,
1998,KEN,Kenya,1,27,,1025,,1025,
1998,KOR,Korea (the Republic of),1,,,350,,350,
1998,KGZ,Kyrgyzstan,1,,,458,,458,
1998,LBR,Liberia,1,12,,560,,560,
1998,MYS,Malaysia,1,105,,160,,160,
1998,MRT,Mauritania,1,6,,344,,344,
1998,MOZ,Mozambique,2,209,,2600,,2600,
1998,NPL,Nepal,2,185,,300,,300,
1998,NIC,Nicaragua,4,7,,3356,,3356,
1998,NGA,Nigeria,1,39,,211,,211,
1998,PAK,Pakistan,1,83,,9917,,9917,
1998,PNG,Papua New Guinea,1,114,,,,,
1998,PER,Peru,3,16,,33763,,33763,
1998,PHL,Philippines (the),1,202,,11000,,11000,
1998,RWA,Rwanda,1,55,,2951,,2951,
1998,SEN,Senegal,1,372,,2709,,2709,
1998,SLE,Sierra Leone,1,55,,1770,,1770,
1998,SOM,Somalia,2,481,,14564,,14564,
1998,SDN,Sudan (the),4,3119,,22403,,22403,
1998,TWN,Taiwan (Province of China),1,54,,250000,,250000,
1998,TZA,"Tanzania, United Republic of",2,2461,,40677,,40677,
1998,TGO,Togo,1,239,,3669,,3669,
1998,UGA,Uganda,1,30,,600,,600,
1998,UZB,Uzbekistan,1,40,,148,,148,
1998,VNM,Viet Nam,2,234,,8000,,8000,
1998,ZWE,Zimbabwe,2,22,,377,,377,
1999,AFG,Afghanistan,2,135,,20702,,20702,
1999,AGO,Angola,2,188,,873,,873,
1999,BEN,Benin,1,9,,241,,241,
1999,BOL,Bolivia (Plurinational State of),1,33,,68,,68,
1999,BRA,Brazil,1,3,,235,,235,
1999,BDI,Burundi,2,80,,616434,,616434,
1999,KHM,Cambodia,1,56,,874,,874,
1999,CMR,Cameroon,1,14,,105,,105,
1999,CAF,Central African Republic,1,14,,86,,86,
1999,COM,Comoros (the),1,14,,140,,140,
1999,COD,Congo (the Democratic Republic of the),1,3,,72,,72,
1999,COG,Congo (the),1,15,,99,,99,
1999,DOM,Dominican Republic (the),1,16,,,,,
1999,ETH,Ethiopia,1,9,,276,,276,
1999,GHA,Ghana,3,24,,1196,,1196,
1999,GIN,Guinea,1,12,,123,,123,
1999,GNB,Guinea-Bissau,1,404,,2169,,2169,
1999,IND,India,5,281,,79504,,79504,
1999,IDN,Indonesia,3,56,,4645,,4645,
1999,KAZ,Kazakhstan,1,,,166,,166,
1999,KEN,Kenya,3,1814,,329570,,329570,
1999,LSO,Lesotho,1,28,,1862,,1862,
1999,LBR,Liberia,1,39,,,,,
1999,MDG,Madagascar,2,981,,18228,,18228,
1999,MDA,Moldova (the Republic of),1,,,1647,,1647,
1999,NPL,Nepal,1,150,,944,,944,
1999,NLD,Netherlands (the),1,13,,200,,200,
1999,NER,Niger (the),2,49,,741,,741,
1999,NGA,Nigeria,5,516,,2977,,2977,
1999,NIU,Niue,1,1,,297,,297,
1999,PRY,Paraguay,1,,,2273,,2273,
1999,PHL,Philippines (the),1,10,,402,,402,
1999,ROU,Romania,1,,,4743,,4743,
1999,RUS,Russian Federation (the),2,33,,765,,765,
1999,RWA,Rwanda,3,76,,488,,488,
1999,SCG,Serbia Montenegro,1,,,699,,699,
1999,SLE,Sierra Leone,2,133,,3228,,3228,
1999,SGP,Singapore,1,1,,11,,11,
1999,SOM,Somalia,1,15,,175,,175,
1999,LKA,Sri Lanka,1,1,,5936,,5936,
1999,SDN,Sudan (the),3,357,,3959,,3959,
1999,TJK,Tajikistan,1,3,,200,,200,
1999,TZA,"Tanzania, United Republic of",1,56,,529,,529,
1999,UGA,Uganda,3,137,,2205,,2205,
1999,ZMB,Zambia,4,462,,13083,,13083,
1999,ZWE,Zimbabwe,2,52,,462,,462,
2000,AFG,Afghanistan,4,557,,2228,,2228,
2000,AGO,Angola,1,18,,117,,117,
2000,BGD,Bangladesh,3,31,,26214,,26214,
2000,BEN,Benin,3,351,,7762,,7762,
2000,BIH,Bosnia and Herzegovina,1,,,400,,400,
2000,BDI,Burundi,3,308,100,730591,,730691,
2000,CMR,Cameroon,1,22,,65,,65,
2000,CAF,Central African Republic,3,448,,2572,,2572,
2000,TCD,Chad,2,1209,,9673,,9673,
2000,COD,Congo (the Democratic Republic of the),2,26,,63,,63,
2000,COG,Congo (the),1,24,,,,,
2000,DJI,Djibouti,1,4,,419,,419,
2000,ECU,Ecuador,2,8,,100220,,100220,
2000,SLV,El Salvador,1,24,,211,,211,
2000,ETH,Ethiopia,5,422,,7033,,7033,
2000,GMB,Gambia (the),1,21,,116,,116,
2000,GIN,Guinea,1,190,,322,,322,
2000,IND,India,8,242,,1851,,1851,
2000,IDN,Indonesia,2,25,,1719,,1719,
2000,IRN,Iran (Islamic Republic of),1,76,,,,,
2000,IRL,Ireland,1,2,,1374,,1374,
2000,ISR,Israel,1,12,,139,,139,
2000,KAZ,Kazakhstan,1,,,114,,114,
2000,KEN,Kenya,5,50,,721,,721,
2000,KOR,Korea (the Republic of),1,6,,39531,,39531,
2000,LAO,Lao People's Democratic Republic (the),2,44,,9685,,9685,
2000,LVA,Latvia,1,,,102,,102,
2000,LSO,Lesotho,1,28,,1834,,1834,
2000,LBR,Liberia,2,13,,112,,112,
2000,MWI,Malawi,1,83,,3323,,3323,
2000,MYS,Malaysia,2,4,,988,,988,
2000,MHL,Marshall Islands (the),1,6,,218,,218,
2000,FSM,Micronesia (Federated States of),1,19,,3431,,3431,
2000,MOZ,Mozambique,2,11,,18583,,18583,
2000,NAM,Namibia,1,14,,58,,58,
2000,NPL,Nepal,2,319,,592,,592,
2000,NER,Niger (the),3,190,,1151,,1151,
2000,NGA,Nigeria,3,99,,1255,,1255,
2000,PAK,Pakistan,3,109,,258,,258,
2000,PHL,Philippines (the),1,1,,664,,664,
2000,RUS,Russian Federation (the),5,,,2942,,2942,
2000,RWA,Rwanda,1,10,,164,,164,
2000,SAU,Saudi Arabia,2,133,,497,,497,
2000,SLE,Sierra Leone,1,38,,,,,
2000,SGP,Singapore,1,2,,2022,,2022,
2000,SOM,Somalia,4,688,,2490,,2490,
2000,ZAF,South Africa,1,181,,86107,,86107,
2000,LKA,Sri Lanka,1,2,,113,,113,
2000,SDN,Sudan (the),1,186,,2363,,2363,
2000,SWZ,Swaziland,1,32,,1449,,1449,
2000,TZA,"Tanzania, United Republic of",4,37,,898,,898,
2000,THA,Thailand,1,89,,1946,,1946,
2000,UGA,Uganda,3,259,,723,,723,
2000,YEM,Yemen,1,32,,289,,289,
2000,ZMB,Zambia,2,163,,1224,,1224,
2000,ZWE,Zimbabwe,3,112,,2812,,2812,
2001,AFG,Afghanistan,2,154,,4425,,4425,
2001,AGO,Angola,2,39,,420,,420,
2001,BEN,Benin,3,378,,9760,,9760,
2001,BFA,Burkina Faso,3,2978,,20820,,20820,
2001,CMR,Cameroon,2,31,,542,,542,
2001,CAN,Canada,1,1,,399,,399,
2001,CAF,Central African Republic,1,343,,1473,,1473,
2001,TCD,Chad,1,113,,3444,,3444,
2001,COD,Congo (the Democratic Republic of the),8,838,,11094,,11094,
2001,COG,Congo (the),1,19,,13,,13,
2001,CIV,C�te d�Iv,2,196,,3180,,3180,
2001,ETH,Ethiopia,2,429,,8166,,8166,
2001,GAB,Gabon,1,50,,10,,10,
2001,GHA,Ghana,2,12,,1141,,1141,
2001,GIN,Guinea,1,12,,143,,143,
2001,IND,India,4,89,,58889,,58889,
2001,KEN,Kenya,4,40,,743,,743,
2001,MWI,Malawi,3,1131,,40266,,40266,
2001,MOZ,Mozambique,1,7,,611,,611,
2001,NAM,Namibia,1,134,,12098,,12098,
2001,NPL,Nepal,2,26,,242,,242,
2001,NER,Niger (the),3,573,,48067,,48067,
2001,NGA,Nigeria,5,544,,2636,,2636,
2001,PAK,Pakistan,1,,,5000,,5000,
2001,PNG,Papua New Guinea,1,,,1395,,1395,
2001,SAU,Saudi Arabia,1,35,,74,,74,
2001,SCG,Serbia Montenegro,1,,,170,,170,
2001,SLE,Sierra Leone,1,12,,3,,3,
2001,SOM,Somalia,1,33,,111,,111,
2001,ESP,Spain,1,2,,751,,751,
2001,TZA,"Tanzania, United Republic of",2,25,,515,,515,
2001,TGO,Togo,2,235,,1567,,1567,
2001,UGA,Uganda,1,14,,9,,9,
2001,GBR,United Kingdom of Great Britain and Northern Ireland (the),1,11,,30,,30,
2001,ZMB,Zambia,1,11,,425,,425,
2002,AFG,Afghanistan,8,2797,,206834,,206834,
2002,ALB,Albania,1,,,226,,226,
2002,BGD,Bangladesh,1,96,,49904,,49904,
2002,BEN,Benin,1,50,,452,,452,
2002,BRA,Brazil,1,57,,317730,,317730,
2002,BDI,Burundi,3,87,,2163,,2163,
2002,CAN,Canada,1,2,,139,,139,
2002,CAF,Central African Republic,1,6,,727,,727,
2002,CHN,China,3,369,,6652,,6652,
2002,COD,Congo (the Democratic Republic of the),9,2502,,539375,,539375,
2002,COG,Congo (the),1,128,,15,,15,
2002,CIV,C�te d�Iv,3,77,,861,,861,
2002,ECU,Ecuador,1,,,100,,100,
2002,SLV,El Salvador,1,6,,2399,,2399,
2002,ETH,Ethiopia,1,12,,,,,
2002,DEU,Germany,1,,,600,,600,
2002,GTM,Guatemala,1,1,,2042,,2042,
2002,GIN,Guinea,1,23,,123,,123,
2002,HND,Honduras,1,8,,4530,,4530,
2002,IND,India,4,180,,5150,,5150,
2002,IDN,Indonesia,1,17,,757,,757,
2002,ITA,Italy,1,3,,9997,,9997,
2002,LBR,Liberia,1,,,661,,661,
2002,MKD,Macedonia (the former Yugoslav Republic of),1,,,200,,200,
2002,MDG,Madagascar,1,671,,21975,,21975,
2002,MWI,Malawi,2,216,,773,,773,
2002,MLI,Mali,1,33,,282,,282,
2002,MOZ,Mozambique,1,17,,2028,,2028,
2002,NPL,Nepal,1,32,,,,,
2002,NER,Niger (the),2,316,,3306,,3306,
2002,NGA,Nigeria,7,255,,3903,,3903,
2002,PAK,Pakistan,1,10,,25,,25,
2002,PAN,Panama,1,,,173,,173,
2002,PNG,Papua New Guinea,2,142,,2215,,2215,
2002,RWA,Rwanda,1,83,,636,,636,
2002,SEN,Senegal,2,18,,181,,181,
2002,SOM,Somalia,2,93,,1191,,1191,
2002,ZAF,South Africa,3,84,,13352,,13352,
2002,SDN,Sudan (the),2,49,,1281,,1281,
2002,SWE,Sweden,1,,,350,,350,
2002,TZA,"Tanzania, United Republic of",1,9,,149,,149,
2002,TGO,Togo,1,95,,494,,494,
2002,USA,United States of America (the),2,214,,3624,,3624,
2002,ZWE,Zimbabwe,2,4,,452,,452,
2003,AUS,Australia,1,,,6,,6,
2003,BEN,Benin,1,3,,265,,265,
2003,BFA,Burkina Faso,1,1058,,7146,,7146,
2003,BDI,Burundi,1,6,,230,,230,
2003,CAN,Canada,1,43,,208,,208,
2003,CAF,Central African Republic,1,23,,379,,379,
2003,TCD,Chad,1,11,,131,,131,
2003,COD,Congo (the Democratic Republic of the),3,786,,20401,,20401,
2003,COG,Congo (the),1,29,,2,,2,
2003,SLV,El Salvador,1,304,,50000,,50000,
2003,FRA,France,1,1,,6,,6,
2003,DEU,Germany,1,,,9,,9,
2003,GIN,Guinea,1,24,,43,,43,
2003,HTI,Haiti,1,40,,200,,200,
2003,HKG,Hong Kong,1,299,,1456,,1456,
2003,IND,India,2,,,2188,,2188,
2003,IDN,Indonesia,1,,,2,,2,
2003,IRQ,Iraq,1,,,,,,
2003,IRL,Ireland,1,,,1,,1,
2003,ITA,Italy,1,,,4,,4,
2003,KOR,Korea (the Republic of),1,,,3,,3,
2003,KWT,Kuwait,1,,,1,,1,
2003,LBR,Liberia,2,,,19418,,19418,
2003,MAC,Macao,1,,,1,,1,
2003,MYS,Malaysia,1,2,,3,,3,
2003,MLI,Mali,1,106,,1216,,1216,
2003,MNG,Mongolia,1,,,9,,9,
2003,MOZ,Mozambique,4,159,,24134,,24134,
2003,NCL,New Caledonia,1,,,437,,437,
2003,NZL,New Zealand,1,,,1,,1,
2003,NER,Niger (the),1,195,,1861,,1861,
2003,PHL,Philippines (the),1,2,,12,,12,
2003,ROU,Romania,1,,,1,,1,
2003,RUS,Russian Federation (the),1,,,1,,1,
2003,SLE,Sierra Leone,1,10,,90,,90,
2003,SGP,Singapore,1,33,,205,,205,
2003,ZAF,South Africa,1,1,,,,,
2003,ESP,Spain,1,,,1,,1,
2003,SDN,Sudan (the),1,27,,178,,178,
2003,SWE,Sweden,1,,,,,,
2003,CHE,Switzerland,1,,,1,,1,
2003,TWN,Taiwan (Province of China),1,37,,309,,309,
2003,TJK,Tajikistan,1,,,256,,256,
2003,THA,Thailand,2,9,,11,,11,
2003,TGO,Togo,1,40,,790,,790,
2003,UGA,Uganda,1,35,,242,,242,
2003,GBR,United Kingdom of Great Britain and Northern Ireland (the),1,,,4,,4,
2003,USA,United States of America (the),1,,,29,,29,
2003,VNM,Viet Nam,2,20,,66,,66,
2003,ZMB,Zambia,1,179,,3835,,3835,
2003,ZWE,Zimbabwe,1,40,,750,,750,
2004,AGO,Angola,1,329,,45,,45,
2004,BGD,Bangladesh,2,32,,54,,54,
2004,BFA,Burkina Faso,1,527,,2783,,2783,
2004,CMR,Cameroon,1,46,,2924,,2924,
2004,TCD,Chad,2,144,,3567,,3567,
2004,COD,Congo (the Democratic Republic of the),5,706,,46220,,46220,
2004,EGY,Egypt,1,,,120,,120,
2004,GNQ,Equatorial Guinea,1,15,,946,,946,
2004,GAB,Gabon,1,1,,100,,100,
2004,GIN,Guinea,1,100,,1092,,1092,
2004,GNB,Guinea-Bissau,1,3,,199,,199,
2004,IDN,Indonesia,1,658,,58301,,58301,
2004,KEN,Kenya,1,8,,141,,141,
2004,NER,Niger (the),2,154,,20132,,20132,
2004,NGA,Nigeria,3,172,,1897,,1897,
2004,PAK,Pakistan,1,2,100,,,100,
2004,PHL,Philippines (the),1,32,,98,,98,
2004,RWA,Rwanda,1,4,,540,,540,
2004,SEN,Senegal,1,6,,861,,861,
2004,SLE,Sierra Leone,1,56,,633,,633,
2004,ZAF,South Africa,1,5,,174,,174,
2004,LKA,Sri Lanka,1,88,,15000,,15000,
2004,SDN,Sudan (the),2,98,,8114,,8114,
2004,THA,Thailand,1,14,,8,,8,
2004,UGA,Uganda,1,3,,53,,53,
2004,VNM,Viet Nam,1,42,,51,,51,
2005,AFG,Afghanistan,1,,,3245,,3245,
2005,BEN,Benin,1,4,,206,,206,
2005,BFA,Burkina Faso,1,9,,606,,606,
2005,KHM,Cambodia,1,7,,,,,
2005,CMR,Cameroon,1,42,,1400,,1400,
2005,TCD,Chad,1,115,,6000,,6000,
2005,CHN,China,2,54,,177,,177,
2005,COM,Comoros (the),1,,,1358,,1358,
2005,COD,Congo (the Democratic Republic of the),3,101,,4872,,4872,
2005,COG,Congo (the),1,10,,2,,2,
2005,CIV,C�te d�Iv,1,40,,210,,210,
2005,ETH,Ethiopia,2,74,,964,,964,
2005,GHA,Ghana,1,40,,2248,,2248,
2005,GIN,Guinea,1,72,,1884,,1884,
2005,GNB,Guinea-Bissau,1,399,,25111,,25111,
2005,IND,India,5,706,,155813,,155813,
2005,IDN,Indonesia,2,87,,350,,350,
2005,KEN,Kenya,2,53,,1645,,1645,
2005,LBR,Liberia,1,29,,674,,674,
2005,MLI,Mali,2,43,,168,,168,
2005,MRT,Mauritania,1,55,,2585,,2585,
2005,NER,Niger (the),1,44,,387,,387,
2005,NGA,Nigeria,4,719,,23873,,23873,
2005,PAK,Pakistan,2,42,111,,,111,
2005,REU,R�uni,1,,,157000,,157000,
2005,STP,Sao Tome and Principe,1,25,,1349,,1349,
2005,SEN,Senegal,1,303,,23022,,23022,
2005,SOM,Somalia,2,13,,199,,199,
2005,SDN,Sudan (the),3,650,,7454,,7454,
2005,TZA,"Tanzania, United Republic of",1,6,,576,,576,
2005,TLS,Timor-Leste,1,22,,336,,336,
2005,UGA,Uganda,2,21,,726,,726,
2005,VNM,Viet Nam,1,16,,83,,83,
2005,YEM,Yemen,1,,,179,,179,
2005,ZMB,Zambia,1,21,,7615,,7615,
2005,ZWE,Zimbabwe,2,87,,1183,,1183,
2006,AGO,Angola,2,2422,,57570,,57570,
2006,BWA,Botswana,1,470,,22264,,22264,
2006,BFA,Burkina Faso,1,784,,7402,,7402,
2006,KHM,Cambodia,1,,,4368,,4368,
2006,CMR,Cameroon,1,8,,71,,71,
2006,TCD,Chad,1,20,,216,,216,
2006,COM,Comoros (the),1,,,924,,924,
2006,COD,Congo (the Democratic Republic of the),7,151,,2986,,2986,
2006,COG,Congo (the),1,50,,3030,,3030,
2006,CIV,C�te d�Iv,2,42,,451,,451,
2006,EGY,Egypt,1,15,,23,,23,
2006,ETH,Ethiopia,2,351,,32848,,32848,
2006,GIN,Guinea,2,129,,298,,298,
2006,IRQ,Iraq,1,2,,,,,
2006,JAM,Jamaica,1,3,,280,,280,
2006,KEN,Kenya,3,183,,588,,588,
2006,PRK,Korea (the Democratic People's Republic of),1,4,,3000,,3000,
2006,MWI,Malawi,1,20,,852,,852,
2006,MLI,Mali,1,9,,151,,151,
2006,MUS,Mauritius,1,,,2553,,2553,
2006,MOZ,Mozambique,1,27,,5692,,5692,
2006,NAM,Namibia,1,10,,47,,47,
2006,NER,Niger (the),2,62,,784,,784,
2006,PRY,Paraguay,1,17,,100000,,100000,
2006,RWA,Rwanda,1,35,,300,,300,
2006,SYC,Seychelles,1,,,5461,,5461,
2006,SOM,Somalia,5,144,,5876,,5876,
2006,SDN,Sudan (the),5,1142,,28769,,28769,
2006,TZA,"Tanzania, United Republic of",4,70,,1410,,1410,
2006,TUR,Turkey,2,24,,230,,230,
2006,UGA,Uganda,4,203,,5702,,5702,
2006,ZMB,Zambia,1,5,,105,,105,
2007,AGO,Angola,2,515,,18343,,18343,
2007,BGD,Bangladesh,2,86,,284910,,284910,
2007,BOL,Bolivia (Plurinational State of),1,1,,228,,228,
2007,BFA,Burkina Faso,1,1490,,20765,,20765,
2007,KHM,Cambodia,1,182,,17000,,17000,
2007,COM,Comoros (the),1,29,,1490,,1490,
2007,COD,Congo (the Democratic Republic of the),2,172,,419,,419,
2007,CIV,C�te d�Iv,1,30,,150,,150,
2007,DJI,Djibouti,1,6,,562,,562,
2007,GAB,Gabon,1,,,17900,,17900,
2007,GIN,Guinea,1,90,,2410,,2410,
2007,IDN,Indonesia,3,403,,35211,,35211,
2007,IRQ,Iraq,1,24,,4696,,4696,
2007,LAO,Lao People's Democratic Republic (the),1,2,,,,,
2007,MYS,Malaysia,1,56,,,,,
2007,MOZ,Mozambique,1,78,,7547,,7547,
2007,MMR,Myanmar,1,30,,,,,
2007,NAM,Namibia,1,7,,250,,250,
2007,NGA,Nigeria,1,200,,,,,
2007,SEN,Senegal,1,16,,2825,,2825,
2007,SOM,Somalia,1,1133,,35687,,35687,
2007,SDN,Sudan (the),3,584,,7639,,7639,
2007,TZA,"Tanzania, United Republic of",2,119,,284,,284,
2007,UGA,Uganda,2,132,,5937,,5937,
2007,VNM,Viet Nam,1,27,,,,,
2007,ZMB,Zambia,1,5,,115,,115,
2007,ZWE,Zimbabwe,1,67,,10000,,10000,
2008,AFG,Afghanistan,1,17,,1100,,1100,
2008,AGO,Angola,2,363,,17437,,17437,
2008,BEN,Benin,3,33,,988,,988,
2008,BOL,Bolivia (Plurinational State of),2,27,,7202,,7202,
2008,BWA,Botswana,1,2,,15,,15,
2008,BRA,Brazil,1,123,,162701,,162701,
2008,BFA,Burkina Faso,2,550,,53000,,53000,
2008,TCD,Chad,1,22,,1755,,1755,
2008,COG,Congo (the),2,26,103,527,,630,
2008,CIV,C�te d�Iv,1,44,,,,,
2008,ETH,Ethiopia,1,20,,3134,,3134,
2008,GNB,Guinea-Bissau,1,221,,14004,,14004,
2008,IRQ,Iraq,1,11,,892,,892,
2008,KEN,Kenya,1,43,,,,,
2008,MDG,Madagascar,1,20,,520,,520,
2008,MWI,Malawi,1,113,,5269,,5269,
2008,MNG,Mongolia,1,,,3151,,3151,
2008,MOZ,Mozambique,1,155,,19310,,19310,
2008,NAM,Namibia,1,9,,203,,203,
2008,NER,Niger (the),2,173,,2805,,2805,
2008,NGA,Nigeria,3,178,,66,,66,
2008,PRY,Paraguay,3,8,,5957,,5957,
2008,SLE,Sierra Leone,1,170,,1746,,1746,
2008,SOM,Somalia,1,13,,663,,663,
2008,ZAF,South Africa,1,65,,12752,,12752,
2008,SDN,Sudan (the),2,15,,212,,212,
2008,TGO,Togo,1,6,,686,,686,
2008,UGA,Uganda,1,28,,388,,388,
2008,ZMB,Zambia,1,173,,8312,,8312,
2008,ZWE,Zimbabwe,1,4276,,98349,,98349,
2009,AGO,Angola,2,116,,25938,,25938,
2009,ARG,Argentina,1,6,,13366,,13366,
2009,BRA,Brazil,1,23,,126139,,126139,
2009,BFA,Burkina Faso,1,389,,2892,,2892,
2009,CPV,Cabo Verde,1,6,,20147,,20147,
2009,CMR,Cameroon,1,109,1456,,,1456,
2009,TCD,Chad,1,102,,871,,871,
2009,COD,Congo (the Democratic Republic of the),4,209,,15909,,15909,
2009,COK,Cook Islands (the),1,,,1247,,1247,
2009,DOM,Dominican Republic (the),1,25,,3270,,3270,
2009,SLV,El Salvador,1,7,,4598,,4598,
2009,ETH,Ethiopia,1,135,,13652,,13652,
2009,HND,Honduras,1,7,,11771,,11771,
2009,IND,India,1,311,,1521,,1521,
2009,KEN,Kenya,3,251,,10446,,10446,
2009,MDG,Madagascar,1,,,702,,702,
2009,MWI,Malawi,1,62,,11461,,11461,
2009,MLI,Mali,1,10,,86,,86,
2009,MEX,Mexico,1,,,41687,,41687,
2009,MOZ,Mozambique,2,198,,19776,,19776,
2009,NPL,Nepal,1,314,,58874,,58874,
2009,NIC,Nicaragua,1,8,,2050,,2050,
2009,NER,Niger (the),1,169,,4513,,4513,
2009,NGA,Nigeria,2,1721,,35255,,35255,
2009,PNG,Papua New Guinea,3,192,,7391,,7391,
2009,PRY,Paraguay,1,8,,24,,24,
2009,PER,Peru,1,,,14151,,14151,
2009,LKA,Sri Lanka,1,346,,35007,,35007,
2009,TZA,"Tanzania, United Republic of",1,12,,600,,600,
2009,UGA,Uganda,2,17,,544,,544,
2009,ZMB,Zambia,1,87,,5198,,5198,
2009,ZWE,Zimbabwe,2,55,,1346,,1346,
2010,BEN,Benin,3,25,,1037,,1037,
2010,BOL,Bolivia (Plurinational State of),1,29,,25236,,25236,
2010,BFA,Burkina Faso,1,841,,5960,,5960,
2010,CMR,Cameroon,1,515,,7869,,7869,
2010,TCD,Chad,3,239,,5319,,5319,
2010,COD,Congo (the Democratic Republic of the),2,56,,4342,,4342,
2010,COG,Congo (the),1,219,,524,,524,
2010,DOM,Dominican Republic (the),1,130,,17321,,17321,
2010,ECU,Ecuador,1,4,,4000,,4000,
2010,ETH,Ethiopia,1,16,,967,,967,
2010,GAB,Gabon,2,,,551,,551,
2010,GHA,Ghana,1,27,,100,,100,
2010,GLP,Guadeloupe,1,,,33000,,33000,
2010,HTI,Haiti,1,6908,277451,236546,,513997,
2010,HND,Honduras,1,67,,27000,,27000,
2010,KEN,Kenya,2,57,,3880,,3880,
2010,KGZ,Kyrgyzstan,1,,141,,,141,
2010,MTQ,Martinique,1,13,,29200,,29200,
2010,MOZ,Mozambique,1,44,,3188,,3188,
2010,NPL,Nepal,2,73,,5372,,5372,
2010,NIC,Nicaragua,1,16,,395,,395,
2010,NER,Niger (the),2,103,,1217,,1217,
2010,NGA,Nigeria,2,1872,,43287,,43287,
2010,PER,Peru,1,13,,31703,,31703,
2010,PHL,Philippines (the),1,737,123939,,,123939,
2010,TJK,Tajikistan,1,21,,456,,456,
2010,THA,Thailand,1,2,,880,,880,
2010,TGO,Togo,1,60,,236,,236,
2010,UGA,Uganda,1,48,,190,,190,
2010,ZWE,Zimbabwe,2,8,,258,,258,
2011,BRA,Brazil,1,,,942153,,942153,
2011,BDI,Burundi,1,12,,600,,600,
2011,CMR,Cameroon,1,639,,16706,,16706,
2011,CAF,Central African Republic,1,16,,172,,172,
2011,TCD,Chad,2,557,,18123,,18123,
2011,COD,Congo (the Democratic Republic of the),2,636,,28757,,28757,
2011,COG,Congo (the),3,65,,10819,,10819,
2011,DOM,Dominican Republic (the),1,1,220,,,220,
2011,GHA,Ghana,1,101,,10002,,10002,
2011,MDV,Maldives,1,4,,1289,,1289,
2011,MLI,Mali,1,49,,1190,,1190,
2011,MOZ,Mozambique,1,13,,325,,325,
2011,NER,Niger (the),1,48,,2130,,2130,
2011,NGA,Nigeria,1,694,,21382,,21382,
2011,PRY,Paraguay,2,44,,29945,,29945,
2011,PHL,Philippines (the),3,56,200,7395,,7595,
2011,LKA,Sri Lanka,1,167,,26343,,26343,
2011,THA,Thailand,1,27,,37728,,37728,
2011,VEN,Venezuela (Bolivarian Republic of),1,,,118,,118,
2011,ZWE,Zimbabwe,1,45,,1140,,1140,
2012,TCD,Chad,1,88,,1708,,1708,
2012,COL,Colombia,1,,,23235,,23235,
2012,COD,Congo (the Democratic Republic of the),4,608,33,23593,,23626,
2012,COG,Congo (the),1,5,,57,,57,
2012,DOM,Dominican Republic (the),1,167,,26090,,26090,
2012,ECU,Ecuador,1,11,,6967,,6967,
2012,GHA,Ghana,2,76,,5441,,5441,
2012,GIN,Guinea,1,105,,5523,,5523,
2012,HTI,Haiti,2,50,,5817,,5817,
2012,NER,Niger (the),2,97,,4874,,4874,
2012,NGA,Nigeria,1,10,,29,,29,
2012,PER,Peru,1,11,,20106,,20106,
2012,PHL,Philippines (the),1,30,,3158,,3158,
2012,SLE,Sierra Leone,1,300,,23009,,23009,
2012,SDN,Sudan (the),1,171,,678,,678,
2012,UGA,Uganda,3,156,116,5864,,5980,
2012,ZMB,Zambia,1,2,,153,,153,
2013,BEN,Benin,1,6,,486,,486,
2013,CAF,Central African Republic,1,,63,,,63,
2013,COL,Colombia,1,91,,1171,,1171,
2013,COG,Congo (the),1,16,,1071,,1071,
2013,CRI,Costa Rica,1,3,,12000,,12000,
2013,ETH,Ethiopia,3,110,,288,,288,
2013,GHA,Ghana,1,18,250,310,,560,
2013,GTM,Guatemala,1,8,,1977,,1977,
2013,GIN,Guinea,1,,,143,,143,
2013,HND,Honduras,1,27,,34128,,34128,
2013,LAO,Lao People's Democratic Republic (the),1,77,,36000,,36000,
2013,MDG,Madagascar,1,113,660,,,660,
2013,MOZ,Mozambique,1,2,,317,,317,
2013,NAM,Namibia,1,17,518,,,518,
2013,NIC,Nicaragua,1,3,,1310,,1310,
2013,SLB,Solomon Islands,1,8,,6700,,6700,
2013,SSD,South Sudan,1,,,3,,3,
2013,TGO,Togo,1,7,,168,,168,
2013,UGA,Uganda,3,28,1018,217479,,218497,
2014,CMR,Cameroon,2,111,,2056,,2056,
2014,COD,Congo (the Democratic Republic of the),1,49,17,,,17,
2014,SLV,El Salvador,1,4,,12783,,12783,
2014,GMB,Gambia (the),1,,,,,,
2014,GHA,Ghana,1,249,29611,26858,,56469,
2014,GIN,Guinea,1,2544,3814,,,3814,
2014,HTI,Haiti,1,,,39343,,39343,
2014,KEN,Kenya,1,72,3459,,,3459,
2014,LBR,Liberia,1,4810,10682,,,10682,
2014,MLI,Mali,1,6,7,,,7,
2014,MOZ,Mozambique,1,43,5118,,,5118,
2014,NER,Niger (the),2,153,1639,,,1639,
2014,NGA,Nigeria,2,763,21,35996,,36017,
2014,SEN,Senegal,1,,1,,,1,
2014,SLE,Sierra Leone,1,3956,14124,,,14124,
2014,SSD,South Sudan,2,149,586,5900,,6486,
2014,TLS,Timor-Leste,1,2,197,,,197,
2015,AGO,Angola,1,384,4599,,,4599,
2015,CMR,Cameroon,1,,858,,,858,
2015,GHA,Ghana,1,85,465,,,465,
2015,GTM,Guatemala,1,,15211,,,15211,
2015,HTI,Haiti,1,170,,20000,,20000,
2015,IRQ,Iraq,1,,2217,,,2217,
2015,KOR,Korea (the Republic of),1,36,185,,,185,
2015,MWI,Malawi,1,11,693,,,693,
2015,NER,Niger (the),1,6,3370,,,3370,
2015,NGA,Nigeria,1,97,,2108,,2108,
2015,SSD,South Sudan,1,47,,1818,,1818,
2015,TZA,"Tanzania, United Republic of",2,582,37712,,,37712,
2015,TGO,Togo,1,24,324,,,324,
2015,YEM,Yemen,1,3,,3026,,3026,
2015,ZWE,Zimbabwe,1,,11,,,11,
2016,AUS,Australia,1,,2016,,,2016,
2016,BEN,Benin,1,9,281,,,281,
2016,BRA,Brazil,1,261,777,,,777,
2016,BDI,Burundi,1,1,193,,,193,
2016,CAF,Central African Republic,1,21,266,,,266,
2016,COL,Colombia,1,,12,,,12,
2016,COD,Congo (the Democratic Republic of the),2,55,2638,,,2638,
2016,GHA,Ghana,1,,172,,,172,
2016,HTI,Haiti,1,,6096,,,6096,
2016,MMR,Myanmar,1,34,,,,,
2016,NER,Niger (the),1,23,78,,,78,
2016,NGA,Nigeria,2,1287,15432,,,15432,
2016,PER,Peru,1,26,54,,,54,
2016,SYC,Seychelles,1,,253,,,253,
2016,SGP,Singapore,1,,13051,,,13051,
2016,SLB,Solomon Islands,1,,1212,,,1212,
2016,SOM,Somalia,1,497,14165,,,14165,
2016,SSD,South Sudan,2,83,3826,,,3826,
2016,SDN,Sudan (the),1,19,632,,,632,
2016,VUT,Vanuatu,1,,351,,,351,
2016,VNM,Viet Nam,1,27,79204,,,79204,
2016,YEM,Yemen,1,11,180,,,180,
2017,BGD,Bangladesh,1,15,789,,,789,
2017,BRA,Brazil,1,154,310,,,310,
2017,BFA,Burkina Faso,1,18,9029,,,9029,
2017,TCD,Chad,1,58,652,,,652,
2017,COD,Congo (the Democratic Republic of the),1,43,1022,,,1022,
2017,CIV,C�te d�Iv,1,2,621,,,621,
2017,GIN,Guinea,1,,122,,,122,
2017,KEN,Kenya,3,76,4421,,,4421,
2017,PRK,Korea (the Democratic People's Republic of),1,,,126574,,126574,
2017,MDG,Madagascar,1,207,2384,,,2384,
2017,MWI,Malawi,1,6,,450,,450,
2017,MOZ,Mozambique,1,1,1799,,,1799,
2017,NER,Niger (the),2,118,2390,,,2390,
2017,NGA,Nigeria,2,11,1704,,,1704,
2017,PAK,Pakistan,1,25,2492,,,2492,
2017,SOM,Somalia,1,302,13126,,,13126,
2017,LKA,Sri Lanka,1,320,155715,,,155715,
2017,SDN,Sudan (the),1,657,30762,,,30762,
2017,TJK,Tajikistan,1,,,,,,
2017,UGA,Uganda,1,3,,,,,
2017,YEM,Yemen,2,35,298,,,298,
2017,ZMB,Zambia,1,89,4371,,,4371,
2018,AGO,Angola,1,2,,139,,139,
2018,BOL,Bolivia (Plurinational State of),1,23,1428,,,1428,
2018,CMR,Cameroon,1,57,942,,,942,
2018,CAF,Central African Republic,1,1,119,,,119,
2018,TCD,Chad,1,90,4227,,,4227,
2018,COD,Congo (the Democratic Republic of the),2,2243,3350,,,3350,
2018,ETH,Ethiopia,1,,4000,,,4000,
2018,MDG,Madagascar,1,,3239,,,3239,
2018,NER,Niger (the),1,78,3824,,,3824,
2018,NGA,Nigeria,1,90,1081,,,1081,
2018,PLW,Palau,1,,124,,,124,
2018,PHL,Philippines (the),2,519,79376,,,79376,
2018,UGA,Uganda,1,31,,1000,,1000,
2018,ZWE,Zimbabwe,1,12,5164,,,5164,
2019,COL,Colombia,1,169,79639,,,79639,
2019,COD,Congo (the Democratic Republic of the),2,5872,277000,,,277000,
2019,COG,Congo (the),3,3819,180000,16246,,196246,
2019,CRI,Costa Rica,1,,4852,,,4852,
2019,DOM,Dominican Republic (the),1,,16907,,,16907,
2019,SLV,El Salvador,1,5,16573,,,16573,
2019,ETH,Ethiopia,1,15,,871,,871,
2019,FJI,Fiji,1,,14,,,14,
2019,GTM,Guatemala,1,17,6264,,,6264,
2019,HND,Honduras,1,128,,71216,,71216,
2019,IND,India,1,121,418,,,418,
2019,KEN,Kenya,1,26,3847,,,3847,
2019,MOZ,Mozambique,1,,3577,,,3577,
2019,NIC,Nicaragua,1,15,94513,,,94513,
2019,NGA,Nigeria,3,98,22834,,,22834,
2019,PAK,Pakistan,1,95,53834,,,53834,
2019,PHL,Philippines (the),2,825,129597,,,129597,
2019,WSM,Samoa,1,39,,2936,,2936,
2019,LKA,Sri Lanka,1,28,18760,,,18760,
2019,SDN,Sudan (the),1,24,,510,,510,
2019,TON,Tonga,1,,394,,,394,
2019,YEM,Yemen,2,932,521028,,,521028,
2020,CHN,China,1,132,4528,,,4528,
,,,,,,,,,
,,,,,,,,,
"Created on: May 02, 2020",,,,,,,,,
"Source: EM-DAT: The Emergency Events Database - Universite catholique de Louvain (UCL) - CRED, D. Guha-Sapir - www.emdat.be, Brussels, Belgium",,,,,,,,,
